id,user_id,created_at
1,1,2026-07-07 08:00:00
2,2,2026-06-01 08:00:00
3,3,2026-06-30 08:00:00
4,4,2026-06-07 08:00:00
5,5,2026-07-31 08:00:00
6,6,2026-06-20 08:00:00
7,7,2026-07-21 08:00:00
8,8,2026-07-26 08:00:00
9,9,2026-08-04 08:00:00
10,10,2026-08-06 08:00:00
11,11,2026-08-06 08:00:00
12,12,2026-07-05 08:00:00
13,13,2026-08-09 08:00:00
14,14,2026-07-23 08:00:00
15,15,2026-06-14 08:00:00
16,16,2026-08-10 08:00:00
17,17,2026-07-03 08:00:00
18,18,2026-06-19 08:00:00
19,19,2026-06-21 08:00:00
20,20,2026-06-26 08:00:00
21,21,2026-06-03 08:00:00
22,22,2026-07-15 08:00:00
23,23,2026-05-24 08:00:00
24,24,2026-07-29 08:00:00
25,25,2026-06-29 08:00:00
26,26,2026-08-09 08:00:00
27,27,2026-06-10 08:00:00
28,28,2026-06-05 08:00:00
29,29,2026-05-16 08:00:00
30,30,2026-08-04 08:00:00
31,31,2026-07-17 08:00:00
32,32,2026-08-01 08:00:00
33,33,2026-06-16 08:00:00
34,34,2026-08-12 08:00:00
35,35,2026-05-17 08:00:00
36,36,2026-06-11 08:00:00
37,37,2026-06-30 08:00:00
38,38,2026-06-23 08:00:00
39,39,2026-06-13 08:00:00
40,40,2026-06-20 08:00:00
