id,user_id,tour_id,created_at
1,1,26,2026-06-19 19:00:00
2,1,53,2026-05-08 04:00:00
3,2,160,2026-05-07 02:00:00
4,2,130,2026-03-01 02:00:00
5,2,98,2026-06-10 09:00:00
6,2,144,2026-07-19 06:00:00
7,2,134,2026-06-08 18:00:00
8,3,127,2026-01-01 21:00:00
9,3,133,2026-03-22 11:00:00
10,3,100,2026-02-09 04:00:00
11,3,146,2025-12-26 00:00:00
12,5,34,2026-06-21 09:00:00
13,5,133,2026-03-16 15:00:00
14,5,124,2026-08-10 05:00:00
15,5,3,2026-03-06 20:00:00
16,6,83,2026-03-11 10:00:00
17,6,19,2025-12-30 15:00:00
18,6,131,2026-02-14 14:00:00
19,6,153,2026-06-19 00:00:00
20,7,42,2026-02-22 06:00:00
21,7,228,2026-02-15 12:00:00
22,7,156,2026-05-20 23:00:00
23,8,219,2025-12-23 23:00:00
24,8,164,2026-01-16 11:00:00
25,8,192,2026-04-11 15:00:00
26,8,82,2026-06-11 12:00:00
27,8,136,2026-04-13 09:00:00
28,8,14,2026-01-23 07:00:00
29,8,60,2026-05-06 22:00:00
30,8,132,2026-03-10 03:00:00
31,9,146,2026-03-03 23:00:00
32,9,25,2025-12-24 08:00:00
33,9,67,2025-12-30 02:00:00
34,9,53,2026-03-27 08:00:00
35,10,188,2026-08-12 00:00:00
36,10,182,2026-03-02 23:00:00
37,10,49,2026-03-16 17:00:00
38,10,146,2026-01-08 21:00:00
39,11,175,2026-04-04 19:00:00
40,11,232,2026-03-11 14:00:00
41,11,207,2026-01-24 15:00:00
42,11,74,2026-06-05 21:00:00
43,11,162,2026-06-27 04:00:00
44,11,18,2026-08-02 23:00:00
45,11,49,2026-05-21 02:00:00
46,12,27,2026-03-16 03:00:00
47,12,109,2026-04-05 01:00:00
48,14,171,2026-06-29 04:00:00
49,14,10,2026-05-19 14:00:00
50,15,16,2026-06-01 15:00:00
51,15,192,2026-06-04 13:00:00
52,16,191,2026-02-22 21:00:00
53,16,131,2026-06-22 22:00:00
54,16,140,2026-04-13 21:00:00
55,16,48,2026-07-19 14:00:00
56,16,68,2026-02-28 22:00:00
57,16,189,2026-02-09 01:00:00
58,17,133,2026-05-09 22:00:00
59,17,191,2025-12-15 23:00:00
60,17,33,2026-04-17 20:00:00
61,19,216,2026-01-04 11:00:00
62,19,67,2026-06-30 02:00:00
63,19,40,2026-01-23 20:00:00
64,20,10,2026-03-13 19:00:00
65,20,40,2026-04-16 18:00:00
66,20,1,2026-02-19 21:00:00
67,20,91,2026-03-12 11:00:00
68,20,98,2026-03-25 16:00:00
69,20,198,2026-07-11 15:00:00
70,21,144,2026-07-28 06:00:00
71,22,14,2025-12-26 00:00:00
72,22,218,2026-01-13 00:00:00
73,22,67,2026-05-02 19:00:00
74,22,8,2026-04-16 07:00:00
75,23,62,2026-01-17 07:00:00
76,23,195,2025-12-16 08:00:00
77,23,235,2026-05-22 08:00:00
78,24,200,2026-07-30 05:00:00
79,24,121,2026-06-25 15:00:00
80,24,26,2026-01-19 14:00:00
81,25,93,2026-02-24 01:00:00
82,25,65,2026-06-04 02:00:00
83,25,41,2026-05-29 18:00:00
84,25,156,2026-06-29 02:00:00
85,25,177,2026-04-17 15:00:00
86,26,218,2026-03-17 17:00:00
87,26,53,2026-07-15 04:00:00
88,26,68,2025-12-25 16:00:00
89,26,66,2026-02-13 02:00:00
90,26,216,2026-04-19 13:00:00
91,27,126,2026-07-10 22:00:00
92,27,200,2025-12-19 20:00:00
93,27,168,2026-01-12 15:00:00
94,27,214,2026-04-16 13:00:00
95,28,198,2026-05-06 23:00:00
96,28,64,2026-07-26 23:00:00
97,28,53,2026-06-26 14:00:00
98,28,41,2026-07-15 17:00:00
99,28,65,2025-12-22 03:00:00
100,28,126,2026-06-10 17:00:00
101,28,161,2026-01-05 04:00:00
102,29,163,2026-06-05 12:00:00
103,29,82,2025-12-17 22:00:00
104,29,177,2026-03-23 07:00:00
105,30,38,2026-07-18 15:00:00
106,30,82,2026-05-10 13:00:00
107,30,52,2026-03-10 18:00:00
108,31,143,2026-01-25 00:00:00
109,32,1,2026-04-09 01:00:00
110,32,9,2026-01-26 02:00:00
111,32,139,2026-02-15 07:00:00
112,32,155,2026-02-20 23:00:00
113,32,15,2026-01-24 16:00:00
114,33,105,2026-08-03 09:00:00
115,33,96,2026-06-12 10:00:00
116,33,211,2026-05-23 11:00:00
117,33,114,2026-01-23 05:00:00
118,33,121,2026-07-08 07:00:00
119,34,36,2026-02-11 00:00:00
120,34,234,2026-07-17 15:00:00
121,34,73,2026-05-01 20:00:00
122,34,92,2025-12-26 11:00:00
123,34,50,2026-05-17 22:00:00
124,35,197,2026-07-29 06:00:00
125,35,176,2026-03-03 00:00:00
126,36,110,2026-07-31 22:00:00
127,36,19,2025-12-24 04:00:00
128,37,126,2026-05-05 06:00:00
129,37,181,2026-05-07 01:00:00
130,37,208,2026-01-04 23:00:00
131,37,11,2026-05-11 13:00:00
132,37,155,2026-03-28 13:00:00
133,37,175,2026-05-08 22:00:00
134,38,36,2026-01-01 20:00:00
135,38,41,2026-04-08 17:00:00
136,38,33,2026-02-27 11:00:00
137,38,78,2026-01-25 00:00:00
138,39,103,2026-01-16 00:00:00
139,39,64,2026-06-15 04:00:00
140,39,140,2026-07-23 11:00:00
141,39,26,2026-02-21 19:00:00
142,39,96,2026-03-27 15:00:00
143,39,160,2026-04-21 10:00:00
144,39,234,2026-07-13 11:00:00
145,40,141,2026-05-04 12:00:00
146,40,150,2026-08-11 06:00:00
147,40,2,2026-06-06 09:00:00
148,40,220,2026-07-30 12:00:00
149,41,173,2026-06-15 03:00:00
150,41,46,2026-06-02 20:00:00
151,41,33,2025-12-17 06:00:00
152,42,173,2026-03-01 21:00:00
153,42,131,2026-02-22 00:00:00
154,42,67,2026-06-25 05:00:00
155,42,14,2026-05-15 15:00:00
156,42,134,2026-05-08 23:00:00
157,42,202,2026-06-19 19:00:00
158,43,144,2026-02-12 23:00:00
159,43,219,2026-04-01 08:00:00
160,43,231,2026-06-23 13:00:00
161,43,102,2026-08-02 00:00:00
162,43,77,2026-07-23 13:00:00
163,44,151,2026-05-19 08:00:00
164,44,46,2026-07-31 00:00:00
165,44,33,2026-05-16 06:00:00
166,44,173,2026-05-21 09:00:00
167,45,188,2026-06-08 05:00:00
168,45,185,2026-07-27 11:00:00
169,46,19,2026-08-11 21:00:00
170,47,21,2026-03-15 18:00:00
171,47,176,2026-04-16 01:00:00
172,47,178,2026-03-20 20:00:00
173,47,169,2026-01-16 02:00:00
174,47,216,2026-02-09 17:00:00
175,47,159,2026-01-01 11:00:00
176,48,120,2026-06-22 11:00:00
177,48,126,2026-05-24 13:00:00
178,48,214,2026-04-06 03:00:00
179,48,212,2026-06-18 03:00:00
180,48,19,2026-01-31 12:00:00
181,48,237,2026-05-20 13:00:00
182,48,142,2026-01-01 10:00:00
183,48,54,2026-06-19 00:00:00
184,49,166,2026-03-17 19:00:00
185,49,15,2026-08-06 21:00:00
186,49,81,2026-07-22 04:00:00
187,51,141,2026-07-27 22:00:00
188,51,24,2026-07-05 18:00:00
189,52,90,2026-08-06 07:00:00
190,52,84,2026-07-25 18:00:00
191,52,58,2026-03-09 08:00:00
192,52,117,2026-05-15 19:00:00
193,52,182,2026-01-04 12:00:00
194,53,129,2026-01-22 03:00:00
195,54,166,2025-12-29 16:00:00
196,54,19,2025-12-22 05:00:00
197,54,57,2026-08-03 19:00:00
198,54,142,2026-04-03 09:00:00
199,55,185,2025-12-19 16:00:00
200,55,6,2026-01-27 10:00:00
201,55,116,2026-04-11 15:00:00
202,55,64,2026-02-12 18:00:00
203,55,89,2026-03-29 21:00:00
204,55,61,2026-04-11 10:00:00
205,56,192,2026-06-10 11:00:00
206,56,237,2026-01-13 14:00:00
207,56,50,2026-01-29 17:00:00
208,56,139,2026-05-01 18:00:00
209,56,206,2026-03-22 23:00:00
210,56,71,2026-07-31 08:00:00
211,56,180,2025-12-18 05:00:00
212,56,185,2026-03-06 12:00:00
213,57,103,2026-05-20 00:00:00
214,58,223,2025-12-25 09:00:00
215,58,150,2025-12-26 22:00:00
216,58,12,2026-01-29 19:00:00
217,58,50,2026-03-18 04:00:00
218,59,64,2025-12-28 02:00:00
219,59,89,2026-06-30 04:00:00
220,59,65,2025-12-16 21:00:00
221,60,68,2026-07-08 17:00:00
222,60,73,2026-06-06 13:00:00
223,61,219,2026-06-16 13:00:00
224,61,64,2026-02-23 13:00:00
225,61,86,2025-12-22 00:00:00
226,61,13,2026-05-27 11:00:00
227,62,44,2026-01-29 18:00:00
228,62,69,2026-07-16 18:00:00
229,62,64,2026-04-15 21:00:00
230,63,113,2026-04-18 18:00:00
231,63,160,2026-06-02 04:00:00
232,63,103,2026-06-13 01:00:00
233,63,185,2026-02-27 08:00:00
234,63,34,2026-07-18 12:00:00
235,64,98,2026-02-19 02:00:00
236,64,6,2025-12-27 08:00:00
237,64,183,2025-12-29 05:00:00
238,64,214,2026-01-11 23:00:00
239,65,49,2026-01-09 18:00:00
240,65,162,2025-12-30 21:00:00
241,65,174,2026-08-10 22:00:00
242,66,116,2026-05-27 06:00:00
243,66,160,2026-05-21 18:00:00
244,66,139,2026-03-01 17:00:00
245,66,169,2026-06-03 22:00:00
246,66,164,2026-05-27 12:00:00
247,67,162,2026-03-13 05:00:00
248,67,71,2026-06-29 14:00:00
249,67,84,2026-01-03 16:00:00
250,67,174,2026-03-27 01:00:00
251,67,64,2026-04-17 07:00:00
252,68,164,2026-02-20 15:00:00
253,68,184,2026-07-03 01:00:00
254,68,16,2026-02-25 04:00:00
255,68,92,2026-08-07 21:00:00
256,68,58,2026-03-02 23:00:00
257,69,35,2025-12-22 22:00:00
258,69,188,2026-04-03 20:00:00
259,69,33,2026-06-04 07:00:00
260,70,144,2026-01-12 06:00:00
261,70,88,2026-07-13 09:00:00
262,70,218,2026-03-28 16:00:00
263,70,13,2026-04-22 18:00:00
264,71,25,2026-03-20 18:00:00
265,71,22,2026-02-10 06:00:00
266,71,36,2026-03-01 09:00:00
267,71,82,2026-07-05 16:00:00
268,71,81,2026-03-05 08:00:00
269,71,64,2026-07-03 18:00:00
270,71,56,2026-06-24 10:00:00
271,72,38,2026-05-20 14:00:00
272,73,43,2026-05-17 07:00:00
273,73,145,2026-01-04 09:00:00
274,74,50,2026-04-07 10:00:00
275,74,28,2026-07-15 14:00:00
276,74,27,2026-06-17 11:00:00
277,75,206,2026-04-04 23:00:00
278,75,235,2026-05-08 15:00:00
279,75,7,2026-03-25 04:00:00
280,76,121,2026-05-07 06:00:00
281,77,57,2025-12-24 09:00:00
282,78,95,2026-01-24 13:00:00
283,79,26,2026-02-09 06:00:00
284,79,88,2026-03-31 01:00:00
285,79,69,2026-02-18 00:00:00
286,80,51,2026-04-11 00:00:00
287,80,75,2026-07-28 12:00:00
288,81,41,2026-02-27 04:00:00
289,82,84,2026-04-03 13:00:00
290,82,55,2026-03-11 01:00:00
291,82,33,2026-05-27 00:00:00
292,83,174,2026-03-29 21:00:00
293,83,40,2026-06-11 20:00:00
294,83,221,2026-06-02 03:00:00
295,84,11,2026-06-16 20:00:00
296,84,41,2026-05-05 14:00:00
297,84,186,2026-06-28 01:00:00
298,84,117,2026-07-16 03:00:00
299,85,237,2026-05-07 11:00:00
300,85,57,2026-05-14 07:00:00
301,85,25,2026-06-06 15:00:00
302,85,201,2026-04-01 13:00:00
303,86,168,2026-03-29 17:00:00
304,86,75,2026-07-27 19:00:00
305,86,224,2026-03-08 05:00:00
306,86,69,2026-08-05 10:00:00
307,86,209,2026-06-05 05:00:00
308,86,50,2026-01-07 12:00:00
309,87,169,2026-02-15 19:00:00
310,87,168,2026-02-16 12:00:00
311,87,140,2026-07-19 01:00:00
312,87,176,2026-01-26 05:00:00
313,87,91,2026-02-22 00:00:00
314,88,17,2026-03-24 19:00:00
315,88,176,2026-06-08 07:00:00
316,88,179,2026-07-09 07:00:00
317,88,61,2026-04-08 04:00:00
318,89,87,2026-03-25 13:00:00
319,89,33,2026-08-02 23:00:00
320,89,239,2026-02-19 00:00:00
321,89,227,2026-06-30 16:00:00
322,89,126,2026-05-05 23:00:00
323,90,141,2026-07-10 23:00:00
324,90,237,2026-01-08 08:00:00
325,90,48,2026-07-19 20:00:00
326,90,215,2026-06-05 14:00:00
327,91,192,2026-05-26 09:00:00
328,92,12,2026-07-23 13:00:00
329,92,26,2026-08-02 03:00:00
330,92,160,2026-07-05 08:00:00
331,92,10,2026-05-22 00:00:00
332,93,141,2026-08-05 19:00:00
333,93,124,2026-06-02 08:00:00
334,93,8,2026-07-13 03:00:00
335,94,7,2025-12-16 03:00:00
336,95,27,2026-06-15 10:00:00
337,95,111,2026-04-03 06:00:00
338,95,65,2026-05-08 20:00:00
339,95,102,2026-01-17 16:00:00
340,95,101,2026-03-15 01:00:00
341,95,60,2026-05-11 02:00:00
342,96,36,2026-06-28 11:00:00
343,97,180,2026-06-08 16:00:00
344,97,106,2026-03-26 12:00:00
345,98,57,2026-05-13 12:00:00
346,98,15,2026-07-12 12:00:00
347,98,101,2025-12-16 15:00:00
348,98,120,2026-04-25 02:00:00
349,98,42,2026-01-22 16:00:00
350,99,89,2026-04-17 00:00:00
351,100,223,2026-05-14 23:00:00
352,100,193,2026-07-22 19:00:00
353,100,116,2026-01-04 06:00:00
354,100,206,2026-02-14 01:00:00
355,101,28,2026-02-07 07:00:00
356,101,74,2026-02-25 09:00:00
357,101,234,2026-07-30 19:00:00
358,101,160,2026-06-23 05:00:00
359,102,155,2026-06-14 15:00:00
360,102,21,2026-08-04 21:00:00
361,102,66,2026-06-27 00:00:00
362,102,68,2026-05-14 16:00:00
363,102,238,2025-12-24 22:00:00
364,102,190,2026-06-02 17:00:00
365,103,117,2026-06-04 06:00:00
366,103,94,2026-08-05 10:00:00
367,103,34,2026-03-20 16:00:00
368,104,102,2026-03-04 17:00:00
369,105,199,2026-01-28 20:00:00
370,105,206,2026-03-16 12:00:00
371,105,223,2026-07-21 14:00:00
372,106,19,2026-03-08 10:00:00
373,107,232,2026-04-27 05:00:00
374,107,223,2026-07-15 19:00:00
375,107,23,2026-05-19 15:00:00
376,108,58,2026-06-06 20:00:00
377,108,132,2026-03-05 20:00:00
378,108,182,2026-03-06 19:00:00
379,108,170,2026-05-16 08:00:00
380,108,103,2026-05-04 02:00:00
381,109,222,2026-01-03 17:00:00
382,109,85,2026-01-05 04:00:00
383,109,223,2026-07-08 21:00:00
384,110,9,2026-07-14 16:00:00
385,110,177,2026-05-11 16:00:00
386,110,187,2026-03-25 15:00:00
387,110,7,2026-04-10 23:00:00
388,111,14,2026-06-04 16:00:00
389,111,40,2026-03-06 21:00:00
390,111,105,2026-05-17 23:00:00
391,112,42,2026-05-05 18:00:00
392,112,189,2026-08-09 01:00:00
393,112,240,2026-05-16 20:00:00
394,112,38,2026-01-22 06:00:00
395,112,6,2026-04-06 14:00:00
396,113,164,2026-04-27 15:00:00
397,113,132,2026-07-28 07:00:00
398,113,110,2026-07-10 10:00:00
399,113,84,2026-03-16 09:00:00
400,113,208,2026-03-14 18:00:00
401,113,203,2026-04-18 04:00:00
402,113,235,2026-05-19 03:00:00
403,114,56,2026-05-07 21:00:00
404,114,12,2026-05-20 23:00:00
405,114,198,2026-02-21 23:00:00
406,114,10,2026-07-20 17:00:00
407,114,6,2026-04-15 13:00:00
408,115,180,2026-05-22 13:00:00
409,115,81,2026-03-16 01:00:00
410,115,226,2026-01-01 00:00:00
411,116,189,2026-07-23 17:00:00
412,116,187,2026-01-20 03:00:00
413,116,188,2025-12-18 13:00:00
414,116,18,2026-06-18 16:00:00
415,116,78,2025-12-18 10:00:00
416,117,2,2026-03-16 16:00:00
417,117,169,2026-04-13 11:00:00
418,117,201,2026-06-23 04:00:00
419,117,49,2026-05-16 05:00:00
420,117,63,2026-07-15 07:00:00
421,118,70,2026-05-15 07:00:00
422,118,171,2026-03-01 04:00:00
423,119,158,2026-07-18 14:00:00
424,119,13,2026-01-06 00:00:00
425,119,148,2026-01-29 23:00:00
426,119,12,2026-05-05 15:00:00
427,119,159,2025-12-31 13:00:00
428,119,201,2026-06-09 12:00:00
429,120,122,2026-06-18 18:00:00
430,120,131,2026-06-03 18:00:00
431,120,46,2026-08-06 14:00:00
