id,tour_id,tag,weight
1,1,romantic,0.96
2,1,family,0.908
3,1,beach,0.761
4,1,water_sports,0.752
5,1,relax,0.634
6,1,luxury,0.624
7,1,budget,0.417
8,1,history,0.345
9,1,nature,0.291
10,2,relax,0.961
11,2,family,0.835
12,2,luxury,0.775
13,2,romantic,0.759
14,2,water_sports,0.663
15,2,beach,0.621
16,2,spiritual,0.298
17,3,luxury,0.912
18,3,beach,0.903
19,3,photography,0.899
20,3,cruise,0.613
21,3,family,0.59
22,3,adventure,0.381
23,4,family,0.959
24,4,water_sports,0.932
25,4,relax,0.887
26,4,romantic,0.79
27,4,beach,0.649
28,4,luxury,0.592
29,4,mountain,0.461
30,4,nightlife,0.219
31,5,water_sports,0.835
32,5,romantic,0.76
33,5,family,0.74
34,5,relax,0.736
35,5,beach,0.65
36,5,luxury,0.582
37,5,history,0.444
38,5,shopping,0.429
39,5,mountain,0.278
40,6,romantic,0.978
41,6,nature,0.879
42,6,photography,0.736
43,6,mountain,0.733
44,6,relax,0.613
45,6,food,0.612
46,6,adventure,0.405
47,6,city,0.3
48,7,beach,0.939
49,7,spiritual,0.913
50,7,history,0.86
51,7,relax,0.735
52,7,nature,0.593
53,7,luxury,0.477
54,7,cruise,0.28
55,7,nightlife,0.235
56,8,beach,0.973
57,8,cruise,0.914
58,8,luxury,0.833
59,8,family,0.62
60,8,photography,0.596
61,8,budget,0.463
62,8,shopping,0.266
63,8,nature,0.259
64,9,photography,0.945
65,9,beach,0.943
66,9,cruise,0.64
67,9,luxury,0.595
68,9,family,0.583
69,9,city,0.443
70,9,relax,0.388
71,9,food,0.314
72,10,romantic,0.945
73,10,mountain,0.834
74,10,relax,0.734
75,10,nature,0.644
76,10,photography,0.618
77,10,food,0.592
78,10,culture,0.24
79,11,family,0.963
80,11,food,0.93
81,11,beach,0.654
82,11,nightlife,0.635
83,11,water_sports,0.61
84,11,photography,0.231
85,11,spiritual,0.191
86,12,relax,0.975
87,12,food,0.893
88,12,photography,0.784
89,12,romantic,0.719
90,12,mountain,0.684
91,12,nature,0.594
92,12,budget,0.462
93,12,water_sports,0.347
94,12,cruise,0.202
95,13,cruise,0.934
96,13,luxury,0.917
97,13,photography,0.843
98,13,beach,0.766
99,13,family,0.67
100,13,adventure,0.224
101,14,city,0.931
102,14,food,0.837
103,14,water_sports,0.815
104,14,beach,0.807
105,14,family,0.719
106,14,photography,0.624
107,14,wildlife,0.292
108,14,adventure,0.273
109,15,food,0.931
110,15,spiritual,0.873
111,15,history,0.872
112,15,culture,0.834
113,15,city,0.731
114,15,budget,0.452
115,15,mountain,0.255
116,16,history,0.975
117,16,city,0.836
118,16,shopping,0.762
119,16,food,0.671
120,16,nightlife,0.633
121,16,festival,0.439
122,16,romantic,0.293
123,16,adventure,0.244
124,17,beach,0.975
125,17,luxury,0.818
126,17,water_sports,0.726
127,17,relax,0.673
128,17,family,0.669
129,17,romantic,0.647
130,17,adventure,0.262
131,17,shopping,0.252
132,18,city,0.934
133,18,history,0.919
134,18,food,0.778
135,18,culture,0.667
136,18,spiritual,0.6
137,18,festival,0.407
138,18,adventure,0.362
139,19,family,0.934
140,19,beach,0.878
141,19,food,0.87
142,19,city,0.825
143,19,photography,0.657
144,19,water_sports,0.629
145,19,adventure,0.217
146,20,food,0.834
147,20,photography,0.803
148,20,history,0.762
149,20,romantic,0.708
150,20,culture,0.661
151,20,adventure,0.435
152,20,shopping,0.385
153,20,beach,0.384
154,21,water_sports,0.886
155,21,nightlife,0.797
156,21,food,0.783
157,21,family,0.678
158,21,beach,0.614
159,21,culture,0.477
160,21,adventure,0.418
161,22,food,0.896
162,22,nature,0.859
163,22,romantic,0.858
164,22,photography,0.738
165,22,mountain,0.683
166,22,relax,0.603
167,22,spiritual,0.323
168,23,adventure,0.974
169,23,mountain,0.957
170,23,photography,0.851
171,23,nature,0.735
172,23,culture,0.698
173,23,food,0.473
174,23,wildlife,0.432
175,23,water_sports,0.421
176,24,beach,0.96
177,24,water_sports,0.874
178,24,family,0.867
179,24,photography,0.837
180,24,city,0.832
181,24,food,0.672
182,24,mountain,0.378
183,24,romantic,0.206
184,25,relax,0.902
185,25,nature,0.796
186,25,photography,0.794
187,25,romantic,0.756
188,25,mountain,0.665
189,25,food,0.618
190,25,wildlife,0.372
191,25,water_sports,0.349
192,25,family,0.281
193,26,mountain,0.937
194,26,romantic,0.9
195,26,relax,0.82
196,26,photography,0.728
197,26,nature,0.663
198,26,food,0.627
199,26,cruise,0.475
200,26,beach,0.459
201,26,history,0.306
202,27,photography,0.912
203,27,adventure,0.887
204,27,culture,0.794
205,27,nature,0.702
206,27,mountain,0.697
207,27,family,0.429
208,27,history,0.366
209,28,relax,0.976
210,28,nature,0.97
211,28,beach,0.613
212,28,spiritual,0.607
213,28,history,0.582
214,28,nightlife,0.441
215,28,wildlife,0.435
216,29,relax,0.831
217,29,water_sports,0.705
218,29,romantic,0.682
219,29,beach,0.666
220,29,luxury,0.647
221,29,family,0.609
222,29,mountain,0.404
223,30,photography,0.86
224,30,mountain,0.856
225,30,nature,0.82
226,30,adventure,0.65
227,30,culture,0.612
228,30,spiritual,0.472
229,31,family,0.941
230,31,luxury,0.837
231,31,beach,0.667
232,31,photography,0.632
233,31,cruise,0.609
234,31,adventure,0.382
235,31,water_sports,0.268
236,31,food,0.229
237,32,luxury,0.94
238,32,relax,0.881
239,32,romantic,0.79
240,32,water_sports,0.782
241,32,beach,0.759
242,32,family,0.592
243,32,culture,0.303
244,32,wildlife,0.277
245,32,spiritual,0.242
246,33,photography,0.933
247,33,culture,0.897
248,33,history,0.875
249,33,romantic,0.823
250,33,food,0.611
251,33,water_sports,0.344
252,33,beach,0.234
253,33,mountain,0.196
254,34,culture,0.863
255,34,nature,0.821
256,34,adventure,0.754
257,34,photography,0.752
258,34,mountain,0.609
259,34,relax,0.401
260,34,shopping,0.271
261,34,budget,0.18
262,35,culture,0.968
263,35,photography,0.887
264,35,food,0.789
265,35,history,0.728
266,35,romantic,0.706
267,35,family,0.236
268,35,mountain,0.181
269,36,relax,0.963
270,36,food,0.895
271,36,romantic,0.849
272,36,photography,0.792
273,36,nature,0.651
274,36,mountain,0.626
275,36,history,0.47
276,37,culture,0.94
277,37,spiritual,0.902
278,37,city,0.824
279,37,food,0.626
280,37,history,0.586
281,37,adventure,0.374
282,37,water_sports,0.352
283,37,mountain,0.2
284,38,photography,0.76
285,38,beach,0.702
286,38,family,0.673
287,38,city,0.666
288,38,water_sports,0.656
289,38,food,0.621
290,38,shopping,0.353
291,38,romantic,0.223
292,39,relax,0.849
293,39,beach,0.747
294,39,history,0.739
295,39,spiritual,0.685
296,39,nature,0.623
297,39,shopping,0.24
298,39,photography,0.233
299,40,food,0.858
300,40,relax,0.761
301,40,romantic,0.705
302,40,mountain,0.704
303,40,nature,0.7
304,40,photography,0.635
305,40,luxury,0.396
306,40,city,0.203
307,41,beach,0.917
308,41,family,0.9
309,41,water_sports,0.832
310,41,photography,0.815
311,41,city,0.77
312,41,food,0.75
313,41,luxury,0.361
314,41,culture,0.349
315,41,romantic,0.189
316,42,food,0.899
317,42,city,0.813
318,42,history,0.807
319,42,culture,0.701
320,42,shopping,0.628
321,42,spiritual,0.382
322,42,water_sports,0.215
323,43,romantic,0.974
324,43,food,0.938
325,43,photography,0.925
326,43,history,0.771
327,43,culture,0.614
328,43,nightlife,0.269
329,43,water_sports,0.248
330,43,beach,0.23
331,44,spiritual,0.906
332,44,beach,0.863
333,44,relax,0.857
334,44,nature,0.847
335,44,history,0.688
336,44,adventure,0.442
337,44,budget,0.266
338,45,nature,0.843
339,45,adventure,0.764
340,45,mountain,0.735
341,45,photography,0.673
342,45,culture,0.651
343,45,beach,0.198
344,46,culture,0.771
345,46,photography,0.712
346,46,food,0.613
347,46,history,0.611
348,46,romantic,0.598
349,46,festival,0.313
350,47,spiritual,0.874
351,47,beach,0.859
352,47,relax,0.75
353,47,history,0.667
354,47,nature,0.614
355,47,nightlife,0.383
356,47,city,0.33
357,47,cruise,0.249
358,48,food,0.947
359,48,romantic,0.858
360,48,photography,0.725
361,48,history,0.692
362,48,culture,0.681
363,48,festival,0.342
364,48,wildlife,0.318
365,48,city,0.293
366,49,family,0.887
367,49,relax,0.828
368,49,luxury,0.634
369,49,romantic,0.617
370,49,beach,0.613
371,49,water_sports,0.597
372,49,city,0.415
373,49,adventure,0.296
374,50,photography,0.898
375,50,mountain,0.838
376,50,adventure,0.804
377,50,culture,0.79
378,50,nature,0.728
379,50,romantic,0.236
380,51,relax,0.827
381,51,nature,0.798
382,51,spiritual,0.707
383,51,beach,0.696
384,51,history,0.631
385,51,family,0.418
386,51,mountain,0.418
387,51,romantic,0.33
388,52,romantic,0.975
389,52,history,0.94
390,52,food,0.907
391,52,culture,0.753
392,52,photography,0.61
393,52,adventure,0.436
394,52,family,0.387
395,52,nature,0.351
396,53,food,0.928
397,53,romantic,0.851
398,53,culture,0.673
399,53,history,0.613
400,53,photography,0.583
401,53,beach,0.339
402,54,beach,0.822
403,54,water_sports,0.802
404,54,city,0.795
405,54,family,0.737
406,54,food,0.701
407,54,photography,0.629
408,54,shopping,0.347
409,55,culture,0.84
410,55,adventure,0.834
411,55,photography,0.766
412,55,nature,0.733
413,55,mountain,0.707
414,55,spiritual,0.409
415,55,family,0.188
416,56,history,0.974
417,56,beach,0.908
418,56,nature,0.859
419,56,relax,0.795
420,56,spiritual,0.686
421,56,cruise,0.421
422,56,food,0.255
423,56,wildlife,0.206
424,57,city,0.928
425,57,food,0.843
426,57,history,0.758
427,57,culture,0.747
428,57,shopping,0.614
429,57,photography,0.427
430,57,beach,0.293
431,57,spiritual,0.206
432,58,city,0.948
433,58,shopping,0.859
434,58,nightlife,0.675
435,58,food,0.629
436,58,history,0.583
437,58,budget,0.34
438,59,history,0.861
439,59,city,0.793
440,59,food,0.755
441,59,culture,0.741
442,59,spiritual,0.586
443,59,adventure,0.433
444,59,mountain,0.419
445,60,culture,0.96
446,60,shopping,0.808
447,60,food,0.67
448,60,city,0.661
449,60,history,0.63
450,60,budget,0.443
451,60,wildlife,0.407
452,60,water_sports,0.388
453,61,culture,0.81
454,61,nature,0.77
455,61,mountain,0.703
456,61,photography,0.698
457,61,adventure,0.581
458,61,cruise,0.418
459,61,shopping,0.417
460,62,romantic,0.959
461,62,beach,0.821
462,62,family,0.742
463,62,luxury,0.718
464,62,water_sports,0.703
465,62,relax,0.669
466,62,culture,0.348
467,63,water_sports,0.966
468,63,relax,0.909
469,63,beach,0.881
470,63,family,0.845
471,63,romantic,0.677
472,63,luxury,0.655
473,63,nature,0.378
474,63,mountain,0.342
475,64,nature,0.975
476,64,romantic,0.967
477,64,mountain,0.913
478,64,photography,0.906
479,64,relax,0.906
480,64,food,0.77
481,64,luxury,0.462
482,64,adventure,0.371
483,64,beach,0.345
484,65,culture,0.942
485,65,nature,0.862
486,65,photography,0.819
487,65,adventure,0.792
488,65,mountain,0.665
489,65,festival,0.359
490,65,history,0.237
491,66,water_sports,0.954
492,66,food,0.776
493,66,family,0.688
494,66,nightlife,0.595
495,66,beach,0.588
496,66,budget,0.429
497,66,city,0.383
498,66,relax,0.334
499,67,food,0.876
500,67,city,0.856
501,67,culture,0.843
502,67,history,0.707
503,67,spiritual,0.699
504,67,water_sports,0.461
505,67,shopping,0.453
506,68,beach,0.936
507,68,nightlife,0.907
508,68,food,0.9
509,68,water_sports,0.765
510,68,family,0.752
511,68,culture,0.412
512,68,photography,0.357
513,68,spiritual,0.302
514,69,food,0.968
515,69,culture,0.802
516,69,history,0.766
517,69,photography,0.742
518,69,romantic,0.711
519,69,luxury,0.201
520,70,food,0.742
521,70,nightlife,0.675
522,70,shopping,0.651
523,70,history,0.636
524,70,city,0.629
525,70,luxury,0.234
526,70,spiritual,0.215
527,71,shopping,0.922
528,71,food,0.745
529,71,history,0.74
530,71,nightlife,0.739
531,71,city,0.609
532,71,wildlife,0.215
533,72,romantic,0.906
534,72,nature,0.892
535,72,relax,0.788
536,72,photography,0.751
537,72,mountain,0.617
538,72,food,0.61
539,72,spiritual,0.374
540,72,family,0.262
541,73,photography,0.847
542,73,nature,0.834
543,73,mountain,0.832
544,73,relax,0.821
545,73,romantic,0.813
546,73,food,0.59
547,73,wildlife,0.421
548,73,nightlife,0.232
549,74,beach,0.96
550,74,family,0.958
551,74,water_sports,0.893
552,74,food,0.89
553,74,nightlife,0.756
554,74,history,0.318
555,75,relax,0.956
556,75,luxury,0.955
557,75,family,0.921
558,75,romantic,0.891
559,75,beach,0.774
560,75,water_sports,0.693
561,75,food,0.402
562,75,wildlife,0.251
563,76,food,0.929
564,76,mountain,0.919
565,76,romantic,0.881
566,76,relax,0.851
567,76,nature,0.78
568,76,photography,0.738
569,76,spiritual,0.386
570,76,city,0.358
571,76,festival,0.27
572,77,adventure,0.956
573,77,photography,0.841
574,77,nature,0.77
575,77,mountain,0.695
576,77,culture,0.633
577,77,nightlife,0.391
578,77,relax,0.316
579,77,budget,0.258
580,78,food,0.96
581,78,city,0.819
582,78,shopping,0.798
583,78,culture,0.789
584,78,history,0.716
585,78,luxury,0.255
586,79,spiritual,0.972
587,79,relax,0.674
588,79,history,0.661
589,79,nature,0.607
590,79,beach,0.587
591,79,culture,0.416
592,80,history,0.735
593,80,food,0.677
594,80,shopping,0.658
595,80,city,0.606
596,80,culture,0.581
597,80,spiritual,0.36
598,81,culture,0.907
599,81,food,0.827
600,81,history,0.707
601,81,city,0.671
602,81,shopping,0.613
603,81,festival,0.194
604,82,food,0.97
605,82,romantic,0.943
606,82,photography,0.81
607,82,history,0.729
608,82,culture,0.644
609,82,budget,0.472
610,82,adventure,0.463
611,82,mountain,0.457
612,83,relax,0.946
613,83,romantic,0.828
614,83,luxury,0.719
615,83,water_sports,0.704
616,83,beach,0.618
617,83,family,0.581
618,83,city,0.437
619,83,shopping,0.239
620,84,city,0.885
621,84,history,0.789
622,84,shopping,0.768
623,84,nightlife,0.746
624,84,food,0.657
625,84,spiritual,0.258
626,85,history,0.935
627,85,beach,0.906
628,85,relax,0.771
629,85,spiritual,0.65
630,85,nature,0.581
631,85,family,0.459
632,85,luxury,0.355
633,85,wildlife,0.349
634,86,luxury,0.975
635,86,family,0.85
636,86,cruise,0.642
637,86,beach,0.639
638,86,photography,0.636
639,86,city,0.281
640,86,wildlife,0.278
641,86,relax,0.261
642,87,beach,0.96
643,87,food,0.95
644,87,photography,0.704
645,87,family,0.668
646,87,water_sports,0.659
647,87,city,0.588
648,87,culture,0.307
649,88,adventure,0.926
650,88,photography,0.901
651,88,mountain,0.868
652,88,nature,0.815
653,88,culture,0.678
654,88,water_sports,0.18
655,89,adventure,0.969
656,89,photography,0.948
657,89,nature,0.86
658,89,mountain,0.834
659,89,culture,0.833
660,89,water_sports,0.393
661,89,city,0.358
662,89,family,0.327
663,90,food,0.948
664,90,shopping,0.86
665,90,nightlife,0.765
666,90,history,0.757
667,90,city,0.582
668,90,adventure,0.454
669,90,luxury,0.42
670,90,relax,0.344
671,91,luxury,0.922
672,91,family,0.9
673,91,romantic,0.9
674,91,beach,0.883
675,91,water_sports,0.737
676,91,relax,0.624
677,91,photography,0.453
678,91,shopping,0.257
679,92,shopping,0.908
680,92,nightlife,0.896
681,92,food,0.776
682,92,history,0.717
683,92,city,0.612
684,92,family,0.319
685,92,wildlife,0.204
686,93,mountain,0.949
687,93,adventure,0.914
688,93,photography,0.737
689,93,nature,0.676
690,93,culture,0.653
691,93,festival,0.432
692,93,romantic,0.201
693,94,culture,0.976
694,94,shopping,0.963
695,94,food,0.835
696,94,history,0.727
697,94,city,0.67
698,94,nightlife,0.413
699,94,nature,0.394
700,94,romantic,0.18
701,95,water_sports,0.93
702,95,romantic,0.92
703,95,family,0.892
704,95,beach,0.798
705,95,luxury,0.782
706,95,relax,0.656
707,95,food,0.465
708,95,festival,0.365
709,96,food,0.956
710,96,romantic,0.95
711,96,mountain,0.921
712,96,nature,0.919
713,96,relax,0.826
714,96,photography,0.632
715,96,nightlife,0.364
716,97,relax,0.852
717,97,history,0.825
718,97,spiritual,0.775
719,97,nature,0.641
720,97,beach,0.607
721,97,luxury,0.36
722,97,food,0.182
723,98,relax,0.91
724,98,nature,0.85
725,98,romantic,0.813
726,98,photography,0.792
727,98,food,0.639
728,98,mountain,0.638
729,98,budget,0.222
730,99,water_sports,0.961
731,99,family,0.787
732,99,food,0.782
733,99,beach,0.722
734,99,nightlife,0.643
735,99,wildlife,0.27
736,99,festival,0.243
737,99,history,0.182
738,100,history,0.923
739,100,shopping,0.843
740,100,food,0.759
741,100,culture,0.675
742,100,city,0.599
743,100,adventure,0.372
744,100,water_sports,0.313
745,100,relax,0.262
746,101,water_sports,0.955
747,101,photography,0.917
748,101,family,0.905
749,101,food,0.86
750,101,beach,0.834
751,101,city,0.811
752,101,culture,0.256
753,102,culture,0.918
754,102,nature,0.884
755,102,adventure,0.869
756,102,photography,0.83
757,102,mountain,0.639
758,102,luxury,0.408
759,102,beach,0.265
760,102,budget,0.214
761,103,photography,0.976
762,103,romantic,0.829
763,103,mountain,0.829
764,103,nature,0.751
765,103,relax,0.64
766,103,food,0.607
767,103,cruise,0.349
768,103,culture,0.209
769,104,nature,0.874
770,104,photography,0.73
771,104,culture,0.73
772,104,adventure,0.729
773,104,mountain,0.703
774,104,wildlife,0.463
775,104,budget,0.449
776,104,family,0.342
777,105,luxury,0.977
778,105,romantic,0.971
779,105,beach,0.774
780,105,water_sports,0.754
781,105,family,0.748
782,105,relax,0.738
783,105,culture,0.458
784,106,shopping,0.804
785,106,food,0.737
786,106,history,0.715
787,106,nightlife,0.696
788,106,city,0.667
789,106,family,0.459
790,106,mountain,0.428
791,107,relax,0.862
792,107,romantic,0.847
793,107,family,0.837
794,107,beach,0.791
795,107,water_sports,0.768
796,107,luxury,0.68
797,107,spiritual,0.266
798,108,beach,0.908
799,108,nature,0.861
800,108,history,0.723
801,108,relax,0.65
802,108,spiritual,0.642
803,108,mountain,0.381
804,108,luxury,0.315
805,108,cruise,0.27
806,109,luxury,0.957
807,109,photography,0.865
808,109,family,0.86
809,109,cruise,0.735
810,109,beach,0.649
811,109,nightlife,0.301
812,110,food,0.98
813,110,history,0.979
814,110,romantic,0.835
815,110,culture,0.77
816,110,photography,0.728
817,110,mountain,0.418
818,110,spiritual,0.392
819,111,culture,0.968
820,111,photography,0.939
821,111,adventure,0.786
822,111,nature,0.622
823,111,mountain,0.602
824,111,festival,0.297
825,111,water_sports,0.218
826,112,cruise,0.963
827,112,beach,0.888
828,112,family,0.866
829,112,photography,0.81
830,112,luxury,0.654
831,112,festival,0.464
832,112,romantic,0.298
833,112,budget,0.224
834,113,photography,0.877
835,113,beach,0.863
836,113,family,0.772
837,113,cruise,0.635
838,113,luxury,0.61
839,113,shopping,0.367
840,114,spiritual,0.944
841,114,relax,0.922
842,114,beach,0.867
843,114,history,0.764
844,114,nature,0.721
845,114,wildlife,0.465
846,114,adventure,0.327
847,115,cruise,0.717
848,115,family,0.708
849,115,luxury,0.706
850,115,photography,0.611
851,115,beach,0.601
852,115,budget,0.289
853,116,history,0.872
854,116,photography,0.82
855,116,culture,0.815
856,116,food,0.789
857,116,romantic,0.711
858,116,family,0.451
859,116,mountain,0.347
860,116,adventure,0.262
861,117,history,0.818
862,117,food,0.786
863,117,culture,0.676
864,117,city,0.625
865,117,shopping,0.596
866,117,budget,0.404
867,117,cruise,0.354
868,117,family,0.283
869,118,food,0.975
870,118,nature,0.972
871,118,romantic,0.93
872,118,mountain,0.924
873,118,photography,0.911
874,118,relax,0.89
875,118,spiritual,0.468
876,118,culture,0.439
877,118,festival,0.184
878,119,culture,0.972
879,119,food,0.933
880,119,city,0.893
881,119,spiritual,0.681
882,119,history,0.66
883,119,photography,0.373
884,119,cruise,0.361
885,119,nightlife,0.2
886,120,photography,0.939
887,120,city,0.899
888,120,water_sports,0.776
889,120,family,0.745
890,120,beach,0.689
891,120,food,0.62
892,120,budget,0.448
893,120,luxury,0.225
894,121,history,0.832
895,121,food,0.81
896,121,photography,0.791
897,121,culture,0.705
898,121,romantic,0.634
899,121,family,0.184
900,122,food,0.857
901,122,history,0.808
902,122,photography,0.718
903,122,romantic,0.628
904,122,culture,0.587
905,122,budget,0.307
906,122,mountain,0.234
907,122,nightlife,0.216
908,123,family,0.951
909,123,water_sports,0.906
910,123,nightlife,0.871
911,123,food,0.82
912,123,beach,0.609
913,123,wildlife,0.407
914,123,romantic,0.34
915,123,city,0.311
916,124,mountain,0.916
917,124,culture,0.875
918,124,photography,0.873
919,124,adventure,0.856
920,124,nature,0.779
921,124,nightlife,0.374
922,124,shopping,0.246
923,125,nightlife,0.822
924,125,food,0.799
925,125,family,0.791
926,125,beach,0.689
927,125,water_sports,0.651
928,125,relax,0.206
929,126,food,0.965
930,126,water_sports,0.961
931,126,beach,0.808
932,126,photography,0.726
933,126,city,0.724
934,126,family,0.673
935,126,culture,0.43
936,126,nature,0.296
937,126,wildlife,0.215
938,127,food,0.875
939,127,city,0.871
940,127,spiritual,0.819
941,127,history,0.789
942,127,culture,0.635
943,127,nightlife,0.391
944,127,water_sports,0.384
945,127,photography,0.364
946,128,luxury,0.974
947,128,water_sports,0.943
948,128,romantic,0.864
949,128,beach,0.854
950,128,family,0.712
951,128,relax,0.637
952,128,mountain,0.446
953,128,festival,0.429
954,128,nightlife,0.365
955,129,adventure,0.935
956,129,nature,0.846
957,129,mountain,0.656
958,129,culture,0.633
959,129,photography,0.612
960,129,nightlife,0.442
961,129,luxury,0.306
962,129,family,0.277
963,130,photography,0.916
964,130,adventure,0.9
965,130,nature,0.888
966,130,culture,0.766
967,130,mountain,0.664
968,130,festival,0.428
969,130,city,0.364
970,130,luxury,0.25
971,131,food,0.82
972,131,culture,0.732
973,131,city,0.674
974,131,history,0.63
975,131,shopping,0.629
976,131,nightlife,0.405
977,132,food,0.977
978,132,shopping,0.761
979,132,city,0.699
980,132,history,0.653
981,132,nightlife,0.617
982,132,cruise,0.451
983,132,wildlife,0.431
984,133,culture,0.89
985,133,history,0.85
986,133,food,0.781
987,133,city,0.757
988,133,spiritual,0.62
989,133,photography,0.425
990,133,nature,0.28
991,134,food,0.905
992,134,relax,0.86
993,134,nature,0.85
994,134,romantic,0.813
995,134,photography,0.746
996,134,mountain,0.736
997,134,wildlife,0.312
998,135,beach,0.954
999,135,nightlife,0.95
1000,135,water_sports,0.921
1001,135,family,0.903
1002,135,food,0.643
1003,135,nature,0.46
1004,135,spiritual,0.307
1005,135,culture,0.278
1006,136,culture,0.853
1007,136,history,0.671
1008,136,romantic,0.67
1009,136,food,0.661
1010,136,photography,0.623
1011,136,spiritual,0.25
1012,137,history,0.951
1013,137,photography,0.946
1014,137,culture,0.708
1015,137,romantic,0.667
1016,137,food,0.595
1017,137,nightlife,0.272
1018,137,spiritual,0.262
1019,138,history,0.888
1020,138,spiritual,0.885
1021,138,relax,0.724
1022,138,beach,0.632
1023,138,nature,0.581
1024,138,festival,0.462
1025,138,culture,0.24
1026,139,photography,0.932
1027,139,nature,0.894
1028,139,mountain,0.772
1029,139,food,0.716
1030,139,relax,0.62
1031,139,romantic,0.595
1032,139,city,0.454
1033,140,nature,0.893
1034,140,romantic,0.773
1035,140,relax,0.696
1036,140,photography,0.695
1037,140,food,0.664
1038,140,mountain,0.611
1039,140,cruise,0.461
1040,140,history,0.438
1041,141,culture,0.765
1042,141,shopping,0.76
1043,141,city,0.724
1044,141,food,0.689
1045,141,history,0.582
1046,141,nightlife,0.18
1047,142,shopping,0.97
1048,142,culture,0.897
1049,142,city,0.751
1050,142,history,0.64
1051,142,food,0.629
1052,142,beach,0.325
1053,142,budget,0.289
1054,142,cruise,0.204
1055,143,history,0.847
1056,143,photography,0.805
1057,143,culture,0.666
1058,143,romantic,0.593
1059,143,food,0.585
1060,143,beach,0.472
1061,143,nightlife,0.472
1062,143,luxury,0.408
1063,144,adventure,0.956
1064,144,mountain,0.846
1065,144,culture,0.834
1066,144,photography,0.694
1067,144,nature,0.615
1068,144,history,0.422
1069,144,wildlife,0.36
1070,144,beach,0.342
1071,145,family,0.949
1072,145,relax,0.897
1073,145,romantic,0.893
1074,145,water_sports,0.795
1075,145,luxury,0.742
1076,145,beach,0.664
1077,145,city,0.409
1078,146,mountain,0.973
1079,146,adventure,0.865
1080,146,culture,0.791
1081,146,photography,0.673
1082,146,nature,0.631
1083,146,history,0.474
1084,146,food,0.465
1085,146,cruise,0.436
1086,147,beach,0.891
1087,147,food,0.844
1088,147,family,0.81
1089,147,photography,0.747
1090,147,water_sports,0.6
1091,147,city,0.598
1092,147,culture,0.451
1093,147,luxury,0.264
1094,148,beach,0.941
1095,148,nature,0.852
1096,148,relax,0.768
1097,148,history,0.635
1098,148,spiritual,0.597
1099,148,luxury,0.392
1100,148,culture,0.32
1101,149,water_sports,0.799
1102,149,family,0.786
1103,149,beach,0.782
1104,149,nightlife,0.72
1105,149,food,0.655
1106,149,wildlife,0.359
1107,150,family,0.978
1108,150,cruise,0.833
1109,150,beach,0.787
1110,150,luxury,0.737
1111,150,photography,0.591
1112,150,budget,0.345
1113,151,romantic,0.921
1114,151,mountain,0.747
1115,151,nature,0.739
1116,151,food,0.643
1117,151,relax,0.626
1118,151,photography,0.62
1119,151,culture,0.262
1120,152,relax,0.964
1121,152,beach,0.768
1122,152,spiritual,0.729
1123,152,nature,0.723
1124,152,history,0.676
1125,152,culture,0.398
1126,152,food,0.258
1127,153,family,0.931
1128,153,food,0.879
1129,153,photography,0.851
1130,153,water_sports,0.789
1131,153,beach,0.743
1132,153,city,0.625
1133,153,relax,0.475
1134,153,mountain,0.27
1135,154,nightlife,0.959
1136,154,water_sports,0.933
1137,154,beach,0.873
1138,154,family,0.812
1139,154,food,0.667
1140,154,budget,0.406
1141,155,food,0.933
1142,155,beach,0.89
1143,155,family,0.821
1144,155,nightlife,0.781
1145,155,water_sports,0.689
1146,155,nature,0.426
1147,155,relax,0.317
1148,155,cruise,0.194
1149,156,nature,0.973
1150,156,adventure,0.832
1151,156,photography,0.797
1152,156,mountain,0.793
1153,156,culture,0.728
1154,156,festival,0.425
1155,156,city,0.226
1156,157,history,0.911
1157,157,nature,0.819
1158,157,beach,0.778
1159,157,spiritual,0.725
1160,157,relax,0.672
1161,157,wildlife,0.326
1162,157,food,0.24
1163,158,water_sports,0.905
1164,158,relax,0.805
1165,158,family,0.792
1166,158,luxury,0.72
1167,158,romantic,0.623
1168,158,beach,0.597
1169,158,cruise,0.405
1170,158,budget,0.251
1171,159,family,0.889
1172,159,photography,0.88
1173,159,luxury,0.875
1174,159,beach,0.779
1175,159,cruise,0.617
1176,159,festival,0.392
1177,160,mountain,0.853
1178,160,romantic,0.83
1179,160,photography,0.759
1180,160,food,0.675
1181,160,nature,0.611
1182,160,relax,0.581
1183,160,beach,0.364
1184,161,mountain,0.822
1185,161,photography,0.803
1186,161,nature,0.703
1187,161,relax,0.623
1188,161,romantic,0.608
1189,161,food,0.603
1190,161,adventure,0.467
1191,161,water_sports,0.237
1192,162,water_sports,0.889
1193,162,photography,0.847
1194,162,beach,0.846
1195,162,food,0.757
1196,162,family,0.737
1197,162,city,0.629
1198,162,luxury,0.369
1199,162,nature,0.351
1200,163,spiritual,0.957
1201,163,nature,0.782
1202,163,relax,0.735
1203,163,beach,0.653
1204,163,history,0.585
1205,163,food,0.475
1206,163,luxury,0.427
1207,163,adventure,0.218
1208,164,nightlife,0.937
1209,164,city,0.931
1210,164,food,0.878
1211,164,history,0.808
1212,164,shopping,0.761
1213,164,water_sports,0.384
1214,165,relax,0.931
1215,165,nature,0.847
1216,165,beach,0.813
1217,165,spiritual,0.797
1218,165,history,0.762
1219,165,festival,0.323
1220,165,food,0.299
1221,165,budget,0.22
1222,166,nature,0.946
1223,166,adventure,0.843
1224,166,mountain,0.789
1225,166,photography,0.784
1226,166,culture,0.635
1227,166,festival,0.441
1228,166,spiritual,0.3
1229,166,romantic,0.211
1230,167,luxury,0.959
1231,167,beach,0.918
1232,167,family,0.906
1233,167,cruise,0.687
1234,167,photography,0.671
1235,167,festival,0.424
1236,167,romantic,0.254
1237,168,relax,0.943
1238,168,family,0.918
1239,168,water_sports,0.836
1240,168,beach,0.792
1241,168,luxury,0.758
1242,168,romantic,0.718
1243,168,wildlife,0.452
1244,168,spiritual,0.344
1245,168,cruise,0.23
1246,169,relax,0.941
1247,169,water_sports,0.935
1248,169,family,0.726
1249,169,luxury,0.689
1250,169,beach,0.651
1251,169,romantic,0.588
1252,169,spiritual,0.286
1253,169,cruise,0.226
1254,169,budget,0.193
1255,170,luxury,0.935
1256,170,family,0.919
1257,170,water_sports,0.852
1258,170,beach,0.808
1259,170,relax,0.762
1260,170,romantic,0.73
1261,170,photography,0.461
1262,170,history,0.444
1263,171,city,0.802
1264,171,beach,0.798
1265,171,water_sports,0.789
1266,171,family,0.735
1267,171,food,0.66
1268,171,photography,0.607
1269,171,budget,0.332
1270,172,water_sports,0.919
1271,172,family,0.863
1272,172,luxury,0.828
1273,172,relax,0.746
1274,172,beach,0.654
1275,172,romantic,0.627
1276,172,nightlife,0.269
1277,172,city,0.219
1278,173,culture,0.821
1279,173,photography,0.751
1280,173,adventure,0.732
1281,173,mountain,0.686
1282,173,nature,0.676
1283,173,relax,0.281
1284,173,romantic,0.181
1285,174,beach,0.916
1286,174,city,0.912
1287,174,food,0.912
1288,174,water_sports,0.776
1289,174,family,0.678
1290,174,photography,0.636
1291,174,romantic,0.457
1292,175,food,0.911
1293,175,family,0.869
1294,175,nightlife,0.863
1295,175,water_sports,0.824
1296,175,beach,0.592
1297,175,festival,0.378
1298,175,spiritual,0.314
1299,175,luxury,0.253
1300,176,family,0.974
1301,176,relax,0.847
1302,176,water_sports,0.845
1303,176,beach,0.825
1304,176,luxury,0.654
1305,176,romantic,0.612
1306,176,nightlife,0.479
1307,177,beach,0.892
1308,177,luxury,0.815
1309,177,photography,0.662
1310,177,cruise,0.623
1311,177,family,0.596
1312,177,budget,0.471
1313,177,history,0.461
1314,178,food,0.96
1315,178,family,0.877
1316,178,beach,0.85
1317,178,water_sports,0.802
1318,178,nightlife,0.769
1319,178,romantic,0.435
1320,179,beach,0.77
1321,179,romantic,0.77
1322,179,water_sports,0.752
1323,179,relax,0.733
1324,179,family,0.651
1325,179,luxury,0.619
1326,179,nightlife,0.366
1327,179,spiritual,0.232
1328,179,mountain,0.216
1329,180,romantic,0.977
1330,180,food,0.914
1331,180,nature,0.749
1332,180,mountain,0.743
1333,180,relax,0.716
1334,180,photography,0.632
1335,180,history,0.368
1336,180,wildlife,0.324
1337,180,festival,0.278
1338,181,food,0.902
1339,181,city,0.892
1340,181,photography,0.865
1341,181,family,0.712
1342,181,beach,0.674
1343,181,water_sports,0.606
1344,181,romantic,0.325
1345,182,shopping,0.92
1346,182,nightlife,0.904
1347,182,history,0.718
1348,182,city,0.717
1349,182,food,0.594
1350,182,beach,0.224
1351,183,nature,0.859
1352,183,beach,0.836
1353,183,history,0.78
1354,183,spiritual,0.704
1355,183,relax,0.605
1356,183,nightlife,0.246
1357,184,family,0.854
1358,184,luxury,0.854
1359,184,photography,0.759
1360,184,beach,0.724
1361,184,cruise,0.636
1362,184,culture,0.301
1363,184,food,0.299
1364,184,city,0.209
1365,185,food,0.957
1366,185,nature,0.831
1367,185,mountain,0.83
1368,185,romantic,0.748
1369,185,photography,0.745
1370,185,relax,0.591
1371,185,festival,0.193
1372,186,spiritual,0.926
1373,186,food,0.912
1374,186,history,0.897
1375,186,culture,0.75
1376,186,city,0.593
1377,186,family,0.473
1378,187,history,0.764
1379,187,spiritual,0.754
1380,187,city,0.688
1381,187,food,0.618
1382,187,culture,0.599
1383,187,beach,0.451
1384,187,nightlife,0.437
1385,187,luxury,0.28
1386,188,history,0.856
1387,188,food,0.761
1388,188,city,0.752
1389,188,shopping,0.744
1390,188,culture,0.695
1391,188,mountain,0.364
1392,188,photography,0.2
1393,189,nightlife,0.959
1394,189,shopping,0.933
1395,189,food,0.907
1396,189,city,0.891
1397,189,history,0.765
1398,189,mountain,0.405
1399,189,luxury,0.343
1400,189,photography,0.303
1401,190,family,0.722
1402,190,nightlife,0.68
1403,190,water_sports,0.657
1404,190,beach,0.612
1405,190,food,0.586
1406,190,culture,0.314
1407,191,history,0.822
1408,191,photography,0.808
1409,191,romantic,0.778
1410,191,food,0.686
1411,191,culture,0.634
1412,191,shopping,0.398
1413,191,water_sports,0.319
1414,192,nightlife,0.944
1415,192,city,0.698
1416,192,history,0.683
1417,192,food,0.582
1418,192,shopping,0.581
1419,192,budget,0.392
1420,192,relax,0.32
1421,193,luxury,0.973
1422,193,beach,0.928
1423,193,water_sports,0.863
1424,193,relax,0.767
1425,193,romantic,0.754
1426,193,family,0.63
1427,193,city,0.304
1428,194,beach,0.965
1429,194,water_sports,0.849
1430,194,luxury,0.818
1431,194,family,0.801
1432,194,romantic,0.589
1433,194,relax,0.582
1434,194,history,0.269
1435,194,nightlife,0.199
1436,195,relax,0.972
1437,195,romantic,0.955
1438,195,mountain,0.885
1439,195,food,0.763
1440,195,photography,0.647
1441,195,nature,0.614
1442,195,family,0.299
1443,196,family,0.926
1444,196,beach,0.924
1445,196,relax,0.898
1446,196,romantic,0.886
1447,196,water_sports,0.795
1448,196,luxury,0.672
1449,196,adventure,0.472
1450,196,cruise,0.205
1451,197,family,0.804
1452,197,water_sports,0.687
1453,197,food,0.669
1454,197,city,0.659
1455,197,beach,0.638
1456,197,photography,0.585
1457,197,nightlife,0.47
1458,197,luxury,0.28
1459,198,nature,0.966
1460,198,food,0.874
1461,198,relax,0.865
1462,198,mountain,0.851
1463,198,romantic,0.731
1464,198,photography,0.729
1465,198,adventure,0.456
1466,198,wildlife,0.365
1467,199,culture,0.943
1468,199,history,0.89
1469,199,food,0.884
1470,199,romantic,0.831
1471,199,photography,0.625
1472,199,relax,0.321
1473,200,photography,0.936
1474,200,water_sports,0.859
1475,200,food,0.653
1476,200,city,0.642
1477,200,family,0.639
1478,200,beach,0.622
1479,200,adventure,0.433
1480,200,spiritual,0.228
1481,201,water_sports,0.966
1482,201,family,0.923
1483,201,romantic,0.894
1484,201,luxury,0.758
1485,201,beach,0.745
1486,201,relax,0.681
1487,201,nightlife,0.41
1488,201,budget,0.361
1489,202,history,0.848
1490,202,culture,0.845
1491,202,spiritual,0.785
1492,202,food,0.709
1493,202,city,0.581
1494,202,shopping,0.22
1495,202,nightlife,0.183
1496,203,food,0.781
1497,203,spiritual,0.736
1498,203,city,0.661
1499,203,culture,0.607
1500,203,history,0.581
1501,203,water_sports,0.444
1502,203,nature,0.322
1503,204,water_sports,0.979
1504,204,relax,0.85
1505,204,romantic,0.797
1506,204,beach,0.695
1507,204,luxury,0.688
1508,204,family,0.587
1509,204,shopping,0.442
1510,204,city,0.187
1511,205,city,0.848
1512,205,culture,0.741
1513,205,history,0.72
1514,205,food,0.709
1515,205,spiritual,0.634
1516,205,cruise,0.411
1517,205,budget,0.234
1518,205,wildlife,0.183
1519,206,romantic,0.801
1520,206,photography,0.739
1521,206,history,0.737
1522,206,culture,0.683
1523,206,food,0.656
1524,206,city,0.323
1525,207,water_sports,0.832
1526,207,food,0.813
1527,207,family,0.735
1528,207,nightlife,0.728
1529,207,beach,0.632
1530,207,culture,0.478
1531,207,adventure,0.378
1532,208,food,0.743
1533,208,history,0.67
1534,208,shopping,0.604
1535,208,nightlife,0.595
1536,208,city,0.592
1537,208,photography,0.366
1538,208,spiritual,0.259
1539,209,relax,0.861
1540,209,history,0.803
1541,209,beach,0.713
1542,209,nature,0.634
1543,209,spiritual,0.603
1544,209,photography,0.248
1545,209,culture,0.228
1546,209,water_sports,0.217
1547,210,nature,0.838
1548,210,culture,0.683
1549,210,photography,0.621
1550,210,adventure,0.617
1551,210,mountain,0.609
1552,210,food,0.244
1553,210,cruise,0.235
1554,211,cruise,0.916
1555,211,photography,0.824
1556,211,family,0.712
1557,211,beach,0.685
1558,211,luxury,0.586
1559,211,nature,0.379
1560,211,mountain,0.35
1561,211,budget,0.218
1562,212,food,0.973
1563,212,relax,0.799
1564,212,mountain,0.715
1565,212,romantic,0.665
1566,212,photography,0.592
1567,212,nature,0.591
1568,212,city,0.438
1569,212,cruise,0.327
1570,212,shopping,0.192
1571,213,romantic,0.972
1572,213,culture,0.913
1573,213,history,0.729
1574,213,photography,0.667
1575,213,food,0.635
1576,213,shopping,0.444
1577,213,nature,0.362
1578,214,food,0.976
1579,214,family,0.766
1580,214,photography,0.711
1581,214,water_sports,0.635
1582,214,beach,0.629
1583,214,city,0.629
1584,214,history,0.304
1585,215,city,0.711
1586,215,culture,0.652
1587,215,food,0.645
1588,215,shopping,0.612
1589,215,history,0.584
1590,215,nature,0.426
1591,216,nightlife,0.907
1592,216,food,0.819
1593,216,beach,0.769
1594,216,family,0.696
1595,216,water_sports,0.654
1596,216,spiritual,0.472
1597,216,nature,0.432
1598,216,city,0.224
1599,217,water_sports,0.936
1600,217,food,0.854
1601,217,family,0.684
1602,217,beach,0.617
1603,217,nightlife,0.597
1604,217,shopping,0.48
1605,217,relax,0.406
1606,218,family,0.95
1607,218,luxury,0.902
1608,218,photography,0.899
1609,218,beach,0.666
1610,218,cruise,0.601
1611,218,budget,0.43
1612,219,cruise,0.967
1613,219,beach,0.87
1614,219,photography,0.665
1615,219,family,0.612
1616,219,luxury,0.594
1617,219,relax,0.438
1618,219,spiritual,0.265
1619,220,culture,0.88
1620,220,history,0.875
1621,220,romantic,0.861
1622,220,food,0.69
1623,220,photography,0.593
1624,220,adventure,0.457
1625,220,spiritual,0.434
1626,221,food,0.946
1627,221,relax,0.899
1628,221,mountain,0.834
1629,221,photography,0.795
1630,221,nature,0.757
1631,221,romantic,0.678
1632,221,spiritual,0.309
1633,222,spiritual,0.907
1634,222,beach,0.899
1635,222,nature,0.871
1636,222,history,0.866
1637,222,relax,0.738
1638,222,water_sports,0.367
1639,223,history,0.97
1640,223,photography,0.96
1641,223,food,0.885
1642,223,romantic,0.679
1643,223,culture,0.623
1644,223,shopping,0.457
1645,223,beach,0.328
1646,223,budget,0.321
1647,224,beach,0.966
1648,224,spiritual,0.812
1649,224,nature,0.784
1650,224,history,0.711
1651,224,relax,0.603
1652,224,cruise,0.32
1653,224,culture,0.291
1654,224,nightlife,0.196
1655,225,food,0.948
1656,225,photography,0.935
1657,225,mountain,0.922
1658,225,relax,0.851
1659,225,romantic,0.716
1660,225,nature,0.667
1661,225,history,0.425
1662,225,culture,0.244
1663,225,nightlife,0.209
1664,226,cruise,0.914
1665,226,beach,0.894
1666,226,photography,0.787
1667,226,family,0.696
1668,226,luxury,0.666
1669,226,shopping,0.325
1670,226,food,0.188
1671,227,family,0.91
1672,227,photography,0.821
1673,227,luxury,0.77
1674,227,beach,0.594
1675,227,cruise,0.59
1676,227,adventure,0.302
1677,227,history,0.291
1678,227,budget,0.211
1679,228,photography,0.918
1680,228,mountain,0.853
1681,228,adventure,0.766
1682,228,culture,0.64
1683,228,nature,0.612
1684,228,family,0.415
1685,228,luxury,0.344
1686,228,history,0.286
1687,229,cruise,0.943
1688,229,family,0.923
1689,229,photography,0.853
1690,229,beach,0.636
1691,229,luxury,0.611
1692,229,wildlife,0.411
1693,230,food,0.876
1694,230,relax,0.86
1695,230,photography,0.809
1696,230,mountain,0.741
1697,230,nature,0.689
1698,230,romantic,0.685
1699,230,adventure,0.241
1700,231,culture,0.896
1701,231,nature,0.827
1702,231,photography,0.78
1703,231,adventure,0.677
1704,231,mountain,0.596
1705,231,family,0.341
1706,231,wildlife,0.275
1707,231,budget,0.237
1708,232,water_sports,0.779
1709,232,nightlife,0.703
1710,232,family,0.701
1711,232,food,0.628
1712,232,beach,0.613
1713,232,festival,0.399
1714,232,budget,0.21
1715,232,culture,0.209
1716,233,food,0.883
1717,233,beach,0.801
1718,233,nightlife,0.777
1719,233,family,0.621
1720,233,water_sports,0.607
1721,233,shopping,0.232
1722,233,luxury,0.223
1723,234,relax,0.913
1724,234,romantic,0.872
1725,234,nature,0.759
1726,234,mountain,0.701
1727,234,photography,0.677
1728,234,food,0.626
1729,234,beach,0.326
1730,235,photography,0.979
1731,235,culture,0.977
1732,235,romantic,0.953
1733,235,food,0.692
1734,235,history,0.622
1735,235,beach,0.475
1736,235,city,0.467
1737,235,shopping,0.196
1738,236,beach,0.963
1739,236,romantic,0.942
1740,236,relax,0.888
1741,236,water_sports,0.834
1742,236,family,0.821
1743,236,luxury,0.592
1744,236,shopping,0.472
1745,236,city,0.377
1746,236,adventure,0.336
1747,237,city,0.958
1748,237,food,0.824
1749,237,history,0.741
1750,237,culture,0.726
1751,237,shopping,0.641
1752,237,budget,0.392
1753,237,cruise,0.333
1754,238,luxury,0.922
1755,238,water_sports,0.873
1756,238,family,0.741
1757,238,beach,0.718
1758,238,relax,0.709
1759,238,romantic,0.699
1760,238,nature,0.418
1761,238,spiritual,0.21
1762,238,photography,0.195
1763,239,city,0.914
1764,239,culture,0.903
1765,239,spiritual,0.891
1766,239,history,0.825
1767,239,food,0.796
1768,239,water_sports,0.418
1769,239,shopping,0.337
1770,239,photography,0.237
1771,240,mountain,0.94
1772,240,adventure,0.826
1773,240,culture,0.791
1774,240,photography,0.734
1775,240,nature,0.599
1776,240,nightlife,0.338
1777,240,city,0.279
