id,user_id,tour_id,action_type,search_query,created_at
1,1,213,view,,2026-06-22 23:00:00
2,1,164,click,,2026-01-10 18:00:00
3,1,116,click,,2026-05-31 04:00:00
4,1,26,save,,2026-06-19 19:00:00
5,1,22,click,,2026-03-05 15:00:00
6,1,53,save,,2026-05-08 04:00:00
7,1,161,view,,2026-02-20 03:00:00
8,1,192,click,,2026-04-14 17:00:00
9,1,208,view,,2026-06-29 13:00:00
10,1,,search,tour Đà Lạt 5 ngày dưới 8 triệu,2026-06-10 08:00:00
11,1,,search,tour Hội An 5 ngày dưới 8 triệu,2026-06-23 08:00:00
12,2,160,click,,2026-05-07 02:00:00
13,2,87,click,,2026-03-30 14:00:00
14,2,130,click,,2026-03-01 02:00:00
15,2,98,view,,2026-06-10 09:00:00
16,2,229,click,,2026-05-15 18:00:00
17,2,144,view,,2026-07-19 06:00:00
18,2,134,view,,2026-06-08 18:00:00
19,2,224,view,,2026-03-10 09:00:00
20,2,221,click,,2026-07-10 06:00:00
21,2,,search,tour Cao Bằng 4 ngày dưới 10 triệu,2026-06-22 08:00:00
22,2,,search,tour Đà Lạt 4 ngày dưới 10 triệu,2026-03-14 08:00:00
23,3,24,view,,2026-05-13 09:00:00
24,3,217,click,,2026-05-13 09:00:00
25,3,125,click,,2026-06-06 14:00:00
26,3,233,click,,2026-05-15 10:00:00
27,3,12,view,,2026-01-21 12:00:00
28,3,83,click,,2026-03-05 16:00:00
29,3,96,view,,2026-04-14 04:00:00
30,3,127,save,,2026-01-01 21:00:00
31,3,133,save,,2026-03-22 11:00:00
32,3,82,view,,2026-01-19 06:00:00
33,3,137,view,,2026-01-22 11:00:00
34,3,100,save,,2026-02-09 04:00:00
35,3,178,view,,2026-04-04 12:00:00
36,3,10,view,,2026-05-08 08:00:00
37,3,221,view,,2026-07-22 22:00:00
38,3,235,view,,2026-04-16 02:00:00
39,3,146,save,,2025-12-26 00:00:00
40,3,,search,tour Nha Trang 3 ngày dưới 8 triệu,2026-08-08 08:00:00
41,3,,search,tour Hà Nội 3 ngày dưới 8 triệu,2026-06-27 08:00:00
42,4,4,view,,2026-01-01 08:00:00
43,4,14,view,,2026-07-05 15:00:00
44,4,140,click,,2025-12-24 23:00:00
45,4,34,view,,2026-06-15 16:00:00
46,4,19,click,,2026-02-20 18:00:00
47,4,60,click,,2026-05-13 09:00:00
48,4,115,view,,2026-08-09 05:00:00
49,4,,search,tour Hạ Long 5 ngày dưới 4 triệu,2026-04-11 08:00:00
50,4,,search,tour Cao Bằng 5 ngày dưới 4 triệu,2026-06-05 08:00:00
51,5,229,view,,2026-05-30 12:00:00
52,5,34,view,,2026-06-21 09:00:00
53,5,133,save,,2026-03-16 15:00:00
54,5,124,save,,2026-08-10 05:00:00
55,5,135,click,,2026-03-02 07:00:00
56,5,3,save,,2026-03-06 20:00:00
57,5,9,view,,2026-06-04 06:00:00
58,5,233,click,,2026-03-09 16:00:00
59,5,29,view,,2026-05-28 20:00:00
60,5,,search,tour Hạ Long 3 ngày dưới 18 triệu,2026-06-02 08:00:00
61,5,,search,tour Hà Nội 3 ngày dưới 18 triệu,2026-05-23 08:00:00
62,6,122,click,,2026-05-02 21:00:00
63,6,146,view,,2026-01-12 17:00:00
64,6,79,view,,2025-12-16 10:00:00
65,6,83,save,,2026-03-11 10:00:00
66,6,19,view,,2025-12-30 15:00:00
67,6,104,click,,2026-05-17 17:00:00
68,6,1,click,,2026-07-19 22:00:00
69,6,131,save,,2026-02-14 14:00:00
70,6,44,click,,2026-08-02 11:00:00
71,6,153,view,,2026-06-19 00:00:00
72,6,,search,tour Côn Đảo 2 ngày dưới 14 triệu,2026-02-24 08:00:00
73,6,,search,tour Cao Bằng 2 ngày dưới 14 triệu,2026-03-30 08:00:00
74,7,42,save,,2026-02-22 06:00:00
75,7,93,click,,2026-04-11 02:00:00
76,7,45,view,,2026-03-07 04:00:00
77,7,208,view,,2026-06-13 21:00:00
78,7,160,view,,2026-05-13 16:00:00
79,7,15,click,,2026-02-15 23:00:00
80,7,228,save,,2026-02-15 12:00:00
81,7,166,view,,2026-05-28 02:00:00
82,7,230,click,,2026-05-11 06:00:00
83,7,94,click,,2026-04-17 10:00:00
84,7,156,save,,2026-05-20 23:00:00
85,7,55,view,,2026-06-01 07:00:00
86,7,,search,tour TP. Hồ Chí Minh 2 ngày dưới 18 triệu,2026-08-03 08:00:00
87,7,,search,tour Hà Nội 2 ngày dưới 18 triệu,2026-07-13 08:00:00
88,8,219,save,,2025-12-23 23:00:00
89,8,73,click,,2026-07-20 02:00:00
90,8,164,click,,2026-01-16 11:00:00
91,8,192,view,,2026-04-11 15:00:00
92,8,82,save,,2026-06-11 12:00:00
93,8,214,click,,2026-06-02 00:00:00
94,8,234,view,,2026-08-09 11:00:00
95,8,136,save,,2026-04-13 09:00:00
96,8,43,view,,2026-07-02 15:00:00
97,8,14,click,,2026-01-23 07:00:00
98,8,60,save,,2026-05-06 22:00:00
99,8,132,save,,2026-03-10 03:00:00
100,8,233,view,,2026-01-05 15:00:00
101,8,6,click,,2026-03-16 07:00:00
102,8,,search,tour Đà Nẵng 5 ngày dưới 18 triệu,2026-08-09 08:00:00
103,8,,search,tour Hạ Long 5 ngày dưới 18 triệu,2026-05-03 08:00:00
104,9,182,view,,2026-04-14 12:00:00
105,9,33,click,,2026-05-05 23:00:00
106,9,212,view,,2025-12-25 11:00:00
107,9,151,view,,2026-05-08 08:00:00
108,9,161,view,,2026-04-12 04:00:00
109,9,140,click,,2026-06-10 08:00:00
110,9,40,view,,2026-06-06 00:00:00
111,9,215,click,,2026-01-01 21:00:00
112,9,92,click,,2026-07-10 18:00:00
113,9,146,save,,2026-03-03 23:00:00
114,9,25,save,,2025-12-24 08:00:00
115,9,199,view,,2026-01-14 01:00:00
116,9,129,view,,2026-03-25 17:00:00
117,9,67,save,,2025-12-30 02:00:00
118,9,53,save,,2026-03-27 08:00:00
119,9,,search,tour Cao Bằng 2 ngày dưới 14 triệu,2026-03-05 08:00:00
120,9,,search,tour Đà Lạt 2 ngày dưới 14 triệu,2026-05-19 08:00:00
121,10,187,click,,2026-06-18 01:00:00
122,10,105,view,,2026-06-17 12:00:00
123,10,188,save,,2026-08-12 00:00:00
124,10,122,view,,2026-07-16 06:00:00
125,10,193,click,,2026-07-02 02:00:00
126,10,143,click,,2026-05-25 11:00:00
127,10,182,save,,2026-03-02 23:00:00
128,10,28,view,,2026-07-15 17:00:00
129,10,132,view,,2026-03-20 22:00:00
130,10,38,click,,2026-06-01 12:00:00
131,10,154,view,,2026-05-12 05:00:00
132,10,49,save,,2026-03-16 17:00:00
133,10,183,click,,2025-12-15 23:00:00
134,10,168,click,,2026-07-11 21:00:00
135,10,146,save,,2026-01-08 21:00:00
136,10,,search,tour Cao Bằng 2 ngày dưới 10 triệu,2026-05-26 08:00:00
137,10,,search,tour Côn Đảo 2 ngày dưới 10 triệu,2026-05-14 08:00:00
138,11,148,view,,2026-02-15 03:00:00
139,11,176,view,,2026-07-20 12:00:00
140,11,29,view,,2026-07-26 00:00:00
141,11,175,view,,2026-04-04 19:00:00
142,11,232,click,,2026-03-11 14:00:00
143,11,101,view,,2026-05-17 07:00:00
144,11,215,click,,2026-07-11 23:00:00
145,11,191,click,,2026-04-02 04:00:00
146,11,39,click,,2026-01-27 02:00:00
147,11,214,click,,2026-07-20 22:00:00
148,11,207,save,,2026-01-24 15:00:00
149,11,171,view,,2026-02-05 12:00:00
150,11,24,click,,2026-03-07 02:00:00
151,11,74,view,,2026-06-05 21:00:00
152,11,162,save,,2026-06-27 04:00:00
153,11,18,save,,2026-08-02 23:00:00
154,11,49,save,,2026-05-21 02:00:00
155,11,,search,tour Nha Trang 4 ngày dưới 14 triệu,2026-05-29 08:00:00
156,11,,search,tour Phú Quốc 4 ngày dưới 14 triệu,2026-06-26 08:00:00
157,12,201,view,,2026-01-21 00:00:00
158,12,27,save,,2026-03-16 03:00:00
159,12,41,view,,2026-07-09 11:00:00
160,12,213,click,,2026-06-24 12:00:00
161,12,164,view,,2026-08-11 01:00:00
162,12,82,click,,2025-12-23 15:00:00
163,12,104,click,,2026-04-30 03:00:00
164,12,33,view,,2026-07-31 19:00:00
165,12,109,save,,2026-04-05 01:00:00
166,12,,search,tour TP. Hồ Chí Minh 2 ngày dưới 8 triệu,2026-02-28 08:00:00
167,12,,search,tour Cao Bằng 2 ngày dưới 8 triệu,2026-07-08 08:00:00
168,13,26,view,,2026-03-02 23:00:00
169,13,237,click,,2026-03-19 21:00:00
170,13,202,view,,2026-08-06 19:00:00
171,13,116,click,,2026-04-21 17:00:00
172,13,235,click,,2026-01-17 06:00:00
173,13,179,click,,2026-06-18 22:00:00
174,13,8,click,,2026-04-03 21:00:00
175,13,4,view,,2026-02-06 22:00:00
176,13,25,view,,2026-05-22 11:00:00
177,13,82,view,,2026-02-23 05:00:00
178,13,,search,tour Sa Pa 2 ngày dưới 4 triệu,2026-03-22 08:00:00
179,13,,search,tour Hội An 2 ngày dưới 4 triệu,2026-03-29 08:00:00
180,14,171,save,,2026-06-29 04:00:00
181,14,234,view,,2026-04-07 18:00:00
182,14,44,view,,2026-02-21 01:00:00
183,14,221,view,,2025-12-21 05:00:00
184,14,144,view,,2026-07-06 22:00:00
185,14,72,click,,2026-05-25 11:00:00
186,14,88,view,,2026-05-01 10:00:00
187,14,102,click,,2026-08-03 05:00:00
188,14,23,view,,2026-02-05 16:00:00
189,14,55,view,,2026-07-26 05:00:00
190,14,36,click,,2026-03-26 04:00:00
191,14,162,click,,2026-05-12 05:00:00
192,14,10,save,,2026-05-19 14:00:00
193,14,,search,tour Hạ Long 4 ngày dưới 18 triệu,2026-08-12 08:00:00
194,14,,search,tour Đà Nẵng 4 ngày dưới 18 triệu,2026-06-19 08:00:00
195,15,16,view,,2026-06-01 15:00:00
196,15,64,click,,2026-04-02 18:00:00
197,15,161,click,,2026-06-16 18:00:00
198,15,35,click,,2026-05-11 07:00:00
199,15,143,click,,2026-05-09 16:00:00
200,15,71,click,,2026-03-15 08:00:00
201,15,94,view,,2026-05-13 23:00:00
202,15,141,click,,2026-07-13 00:00:00
203,15,61,click,,2026-01-29 12:00:00
204,15,192,click,,2026-06-04 13:00:00
205,15,103,click,,2026-05-13 23:00:00
206,15,,search,tour Hội An 3 ngày dưới 4 triệu,2026-06-04 08:00:00
207,15,,search,tour Đà Lạt 3 ngày dưới 4 triệu,2026-02-23 08:00:00
208,16,202,view,,2026-01-21 22:00:00
209,16,119,click,,2026-06-26 10:00:00
210,16,191,save,,2026-02-22 21:00:00
211,16,101,view,,2026-05-28 08:00:00
212,16,131,click,,2026-06-22 22:00:00
213,16,80,view,,2026-01-31 09:00:00
214,16,19,click,,2026-02-23 09:00:00
215,16,140,save,,2026-04-13 21:00:00
216,16,213,view,,2026-02-22 14:00:00
217,16,190,view,,2026-05-29 11:00:00
218,16,48,save,,2026-07-19 14:00:00
219,16,68,save,,2026-02-28 22:00:00
220,16,189,save,,2026-02-09 01:00:00
221,16,71,click,,2026-01-05 01:00:00
222,16,,search,tour Hà Nội 4 ngày dưới 4 triệu,2026-06-15 08:00:00
223,16,,search,tour Nha Trang 4 ngày dưới 4 triệu,2026-07-26 08:00:00
224,17,93,view,,2026-02-07 18:00:00
225,17,133,save,,2026-05-09 22:00:00
226,17,184,view,,2026-03-04 11:00:00
227,17,191,save,,2025-12-15 23:00:00
228,17,29,view,,2026-03-19 22:00:00
229,17,213,click,,2026-06-22 23:00:00
230,17,61,click,,2026-04-02 22:00:00
231,17,103,view,,2025-12-22 07:00:00
232,17,112,view,,2026-06-12 09:00:00
233,17,94,view,,2026-05-04 02:00:00
234,17,136,view,,2026-01-15 21:00:00
235,17,102,click,,2026-02-07 04:00:00
236,17,238,click,,2026-01-03 14:00:00
237,17,33,save,,2026-04-17 20:00:00
238,17,83,view,,2026-04-02 09:00:00
239,17,,search,tour Hội An 2 ngày dưới 10 triệu,2026-08-01 08:00:00
240,17,,search,tour Đà Nẵng 2 ngày dưới 10 triệu,2026-04-11 08:00:00
241,18,108,click,,2026-02-01 14:00:00
242,18,231,click,,2026-03-11 11:00:00
243,18,106,click,,2026-03-18 05:00:00
244,18,131,view,,2026-02-19 10:00:00
245,18,80,click,,2026-04-03 00:00:00
246,18,214,click,,2026-02-11 07:00:00
247,18,38,view,,2026-01-10 23:00:00
248,18,68,view,,2026-04-09 15:00:00
249,18,61,view,,2026-06-03 17:00:00
250,18,114,view,,2026-04-28 04:00:00
251,18,,search,tour Cao Bằng 3 ngày dưới 14 triệu,2026-03-30 08:00:00
252,18,,search,tour Huế 3 ngày dưới 14 triệu,2026-03-25 08:00:00
253,19,222,view,,2025-12-15 11:00:00
254,19,27,view,,2026-03-06 18:00:00
255,19,37,view,,2026-08-09 09:00:00
256,19,216,save,,2026-01-04 11:00:00
257,19,139,view,,2026-05-05 14:00:00
258,19,57,view,,2026-07-25 17:00:00
259,19,54,view,,2026-05-30 04:00:00
260,19,207,view,,2026-05-01 06:00:00
261,19,240,click,,2026-01-28 21:00:00
262,19,116,view,,2026-05-13 04:00:00
263,19,106,view,,2026-07-14 00:00:00
264,19,67,save,,2026-06-30 02:00:00
265,19,40,save,,2026-01-23 20:00:00
266,19,30,view,,2026-08-09 04:00:00
267,19,,search,tour Côn Đảo 3 ngày dưới 10 triệu,2026-06-05 08:00:00
268,19,,search,tour Đà Nẵng 3 ngày dưới 10 triệu,2026-03-06 08:00:00
269,20,60,click,,2026-02-05 17:00:00
270,20,181,view,,2026-07-01 09:00:00
271,20,10,view,,2026-03-13 19:00:00
272,20,14,view,,2026-01-27 10:00:00
273,20,106,view,,2026-01-27 22:00:00
274,20,40,view,,2026-04-16 18:00:00
275,20,118,click,,2025-12-17 10:00:00
276,20,53,view,,2026-06-05 11:00:00
277,20,54,click,,2026-06-06 10:00:00
278,20,1,save,,2026-02-19 21:00:00
279,20,91,save,,2026-03-12 11:00:00
280,20,98,click,,2026-03-25 16:00:00
281,20,198,save,,2026-07-11 15:00:00
282,20,,search,tour TP. Hồ Chí Minh 3 ngày dưới 6 triệu,2026-07-13 08:00:00
283,20,,search,tour Đà Lạt 3 ngày dưới 6 triệu,2026-06-16 08:00:00
284,21,203,view,,2026-01-18 05:00:00
285,21,124,view,,2026-08-01 02:00:00
286,21,144,save,,2026-07-28 06:00:00
287,21,57,view,,2025-12-30 16:00:00
288,21,160,view,,2025-12-22 15:00:00
289,21,100,view,,2026-03-26 02:00:00
290,21,111,view,,2026-07-02 19:00:00
291,21,77,click,,2026-03-23 01:00:00
292,21,195,click,,2026-05-22 10:00:00
293,21,114,view,,2026-07-27 23:00:00
294,21,239,view,,2026-07-07 14:00:00
295,21,15,view,,2026-07-02 19:00:00
296,21,89,view,,2026-05-17 14:00:00
297,21,156,click,,2026-07-25 20:00:00
298,21,,search,tour Hà Nội 2 ngày dưới 10 triệu,2026-08-04 08:00:00
299,21,,search,tour Huế 2 ngày dưới 10 triệu,2026-02-19 08:00:00
300,22,6,view,,2026-07-04 01:00:00
301,22,155,view,,2026-01-15 01:00:00
302,22,197,view,,2026-04-24 22:00:00
303,22,14,view,,2025-12-26 00:00:00
304,22,164,view,,2026-07-30 05:00:00
305,22,109,view,,2026-05-24 06:00:00
306,22,215,click,,2026-07-05 12:00:00
307,22,120,view,,2026-01-15 08:00:00
308,22,71,view,,2026-03-16 09:00:00
309,22,218,save,,2026-01-13 00:00:00
310,22,74,click,,2026-08-01 08:00:00
311,22,67,save,,2026-05-02 19:00:00
312,22,84,view,,2026-02-15 11:00:00
313,22,58,view,,2026-01-26 19:00:00
314,22,8,save,,2026-04-16 07:00:00
315,22,16,view,,2026-03-27 11:00:00
316,22,,search,tour TP. Hồ Chí Minh 4 ngày dưới 4 triệu,2026-07-21 08:00:00
317,22,,search,tour Đà Nẵng 4 ngày dưới 4 triệu,2026-07-24 08:00:00
318,23,62,save,,2026-01-17 07:00:00
319,23,170,view,,2026-03-12 00:00:00
320,23,98,click,,2026-03-09 00:00:00
321,23,128,click,,2026-07-10 14:00:00
322,23,195,save,,2025-12-16 08:00:00
323,23,115,click,,2026-06-03 20:00:00
324,23,235,save,,2026-05-22 08:00:00
325,23,96,view,,2026-01-30 13:00:00
326,23,103,view,,2026-07-14 04:00:00
327,23,,search,tour Đà Lạt 2 ngày dưới 10 triệu,2026-06-16 08:00:00
328,23,,search,tour Đà Nẵng 2 ngày dưới 10 triệu,2026-06-07 08:00:00
329,24,82,click,,2026-07-20 06:00:00
330,24,52,view,,2026-03-20 14:00:00
331,24,185,view,,2026-02-08 16:00:00
332,24,200,save,,2026-07-30 05:00:00
333,24,121,save,,2026-06-25 15:00:00
334,24,26,save,,2026-01-19 14:00:00
335,24,79,view,,2026-08-02 22:00:00
336,24,53,click,,2026-03-28 18:00:00
337,24,172,view,,2026-02-18 10:00:00
338,24,119,view,,2026-01-31 19:00:00
339,24,136,view,,2026-06-10 22:00:00
340,24,59,view,,2026-01-05 12:00:00
341,24,,search,tour Hội An 5 ngày dưới 6 triệu,2026-03-16 08:00:00
342,24,,search,tour Phú Quốc 5 ngày dưới 6 triệu,2026-05-29 08:00:00
343,25,215,click,,2026-05-23 01:00:00
344,25,240,click,,2026-03-06 07:00:00
345,25,87,view,,2026-06-09 03:00:00
346,25,73,view,,2026-07-10 06:00:00
347,25,78,view,,2026-05-16 05:00:00
348,25,93,save,,2026-02-24 01:00:00
349,25,65,save,,2026-06-04 02:00:00
350,25,225,click,,2026-04-08 00:00:00
351,25,41,save,,2026-05-29 18:00:00
352,25,40,click,,2026-03-17 15:00:00
353,25,156,save,,2026-06-29 02:00:00
354,25,177,save,,2026-04-17 15:00:00
355,25,104,click,,2026-01-11 00:00:00
356,25,187,click,,2026-08-01 16:00:00
357,25,115,click,,2026-06-08 14:00:00
358,25,,search,tour Hạ Long 4 ngày dưới 8 triệu,2026-02-24 08:00:00
359,25,,search,tour Hà Nội 4 ngày dưới 8 triệu,2026-02-18 08:00:00
360,26,33,click,,2026-01-31 01:00:00
361,26,218,save,,2026-03-17 17:00:00
362,26,143,click,,2026-01-22 23:00:00
363,26,165,click,,2026-06-13 07:00:00
364,26,17,view,,2026-05-08 02:00:00
365,26,233,click,,2026-01-15 03:00:00
366,26,82,view,,2026-04-07 12:00:00
367,26,52,view,,2026-04-06 20:00:00
368,26,53,save,,2026-07-15 04:00:00
369,26,68,save,,2025-12-25 16:00:00
370,26,49,view,,2026-06-19 08:00:00
371,26,66,click,,2026-02-13 02:00:00
372,26,48,click,,2025-12-24 11:00:00
373,26,216,save,,2026-04-19 13:00:00
374,26,24,view,,2026-04-16 20:00:00
375,26,2,view,,2026-07-12 09:00:00
376,26,,search,tour Phú Quốc 5 ngày dưới 18 triệu,2026-04-21 08:00:00
377,26,,search,tour Nha Trang 5 ngày dưới 18 triệu,2026-05-12 08:00:00
378,27,126,save,,2026-07-10 22:00:00
379,27,225,view,,2026-01-06 04:00:00
380,27,108,click,,2026-06-27 08:00:00
381,27,201,view,,2026-05-09 07:00:00
382,27,200,click,,2025-12-19 20:00:00
383,27,105,click,,2026-03-31 07:00:00
384,27,177,view,,2026-06-21 03:00:00
385,27,190,view,,2026-01-13 12:00:00
386,27,55,view,,2026-03-31 11:00:00
387,27,71,click,,2026-05-22 14:00:00
388,27,20,view,,2025-12-20 03:00:00
389,27,66,view,,2026-08-12 04:00:00
390,27,98,view,,2026-07-25 01:00:00
391,27,168,save,,2026-01-12 15:00:00
392,27,214,view,,2026-04-16 13:00:00
393,27,,search,tour Đà Nẵng 4 ngày dưới 18 triệu,2026-04-02 08:00:00
394,27,,search,tour TP. Hồ Chí Minh 4 ngày dưới 18 triệu,2026-07-11 08:00:00
395,28,221,click,,2026-04-10 15:00:00
396,28,198,view,,2026-05-06 23:00:00
397,28,104,click,,2026-04-04 07:00:00
398,28,64,view,,2026-07-26 23:00:00
399,28,53,save,,2026-06-26 14:00:00
400,28,129,click,,2026-06-12 20:00:00
401,28,41,save,,2026-07-15 17:00:00
402,28,114,click,,2026-03-06 18:00:00
403,28,65,save,,2025-12-22 03:00:00
404,28,126,save,,2026-06-10 17:00:00
405,28,161,save,,2026-01-05 04:00:00
406,28,,search,tour Đà Lạt 4 ngày dưới 14 triệu,2026-07-10 08:00:00
407,28,,search,tour Sa Pa 4 ngày dưới 14 triệu,2026-07-14 08:00:00
408,29,221,view,,2026-07-18 15:00:00
409,29,40,click,,2026-05-25 19:00:00
410,29,182,view,,2026-06-05 14:00:00
411,29,158,view,,2026-01-04 23:00:00
412,29,109,view,,2026-02-22 03:00:00
413,29,66,view,,2026-07-29 04:00:00
414,29,172,view,,2026-07-21 18:00:00
415,29,163,save,,2026-06-05 12:00:00
416,29,164,view,,2026-08-01 11:00:00
417,29,128,click,,2026-07-30 17:00:00
418,29,211,click,,2026-07-22 19:00:00
419,29,82,save,,2025-12-17 22:00:00
420,29,43,view,,2026-06-15 22:00:00
421,29,46,click,,2026-06-23 08:00:00
422,29,113,click,,2026-04-12 13:00:00
423,29,3,click,,2026-01-01 16:00:00
424,29,177,save,,2026-03-23 07:00:00
425,29,5,view,,2026-01-26 17:00:00
426,29,,search,tour Phú Quốc 5 ngày dưới 14 triệu,2026-06-16 08:00:00
427,29,,search,tour Hạ Long 5 ngày dưới 14 triệu,2026-05-23 08:00:00
428,30,38,save,,2026-07-18 15:00:00
429,30,57,view,,2026-04-24 10:00:00
430,30,160,view,,2026-04-21 17:00:00
431,30,82,click,,2026-05-10 13:00:00
432,30,52,save,,2026-03-10 18:00:00
433,30,222,view,,2026-01-16 07:00:00
434,30,224,view,,2026-03-26 05:00:00
435,30,40,click,,2026-02-19 23:00:00
436,30,,search,tour Hội An 2 ngày dưới 14 triệu,2026-02-15 08:00:00
437,30,,search,tour Đà Nẵng 2 ngày dưới 14 triệu,2026-06-02 08:00:00
438,31,23,click,,2026-08-02 02:00:00
439,31,43,click,,2026-04-03 22:00:00
440,31,17,click,,2026-08-01 17:00:00
441,31,22,click,,2025-12-22 13:00:00
442,31,84,click,,2026-01-04 02:00:00
443,31,100,click,,2026-03-07 11:00:00
444,31,143,save,,2026-01-25 00:00:00
445,31,52,click,,2026-07-07 08:00:00
446,31,26,view,,2026-04-12 21:00:00
447,31,21,click,,2026-07-22 21:00:00
448,31,,search,tour Hà Nội 3 ngày dưới 8 triệu,2026-07-04 08:00:00
449,31,,search,tour Huế 3 ngày dưới 8 triệu,2026-07-15 08:00:00
450,32,1,save,,2026-04-09 01:00:00
451,32,137,click,,2026-03-18 08:00:00
452,32,143,view,,2026-04-28 17:00:00
453,32,105,click,,2026-02-25 22:00:00
454,32,9,save,,2026-01-26 02:00:00
455,32,139,save,,2026-02-15 07:00:00
456,32,155,save,,2026-02-20 23:00:00
457,32,15,save,,2026-01-24 16:00:00
458,32,,search,tour Nha Trang 5 ngày dưới 18 triệu,2026-03-05 08:00:00
459,32,,search,tour Huế 5 ngày dưới 18 triệu,2026-07-12 08:00:00
460,33,64,click,,2026-04-03 11:00:00
461,33,75,view,,2026-02-07 07:00:00
462,33,105,save,,2026-08-03 09:00:00
463,33,125,view,,2026-05-21 04:00:00
464,33,122,view,,2026-05-30 07:00:00
465,33,74,view,,2025-12-24 05:00:00
466,33,96,save,,2026-06-12 10:00:00
467,33,211,save,,2026-05-23 11:00:00
468,33,152,view,,2026-01-23 03:00:00
469,33,83,view,,2026-01-23 09:00:00
470,33,114,save,,2026-01-23 05:00:00
471,33,135,click,,2026-06-15 16:00:00
472,33,121,save,,2026-07-08 07:00:00
473,33,168,view,,2026-02-02 17:00:00
474,33,,search,tour Hội An 2 ngày dưới 10 triệu,2026-07-08 08:00:00
475,33,,search,tour Nha Trang 2 ngày dưới 10 triệu,2026-03-06 08:00:00
476,34,14,click,,2026-06-30 21:00:00
477,34,36,save,,2026-02-11 00:00:00
478,34,9,view,,2026-04-22 09:00:00
479,34,234,save,,2026-07-17 15:00:00
480,34,211,view,,2026-03-22 11:00:00
481,34,182,view,,2025-12-29 02:00:00
482,34,73,save,,2026-05-01 20:00:00
483,34,180,click,,2026-04-13 20:00:00
484,34,72,click,,2026-01-15 13:00:00
485,34,220,view,,2025-12-20 12:00:00
486,34,208,view,,2026-06-11 07:00:00
487,34,225,click,,2026-01-25 04:00:00
488,34,40,click,,2026-06-06 16:00:00
489,34,92,save,,2025-12-26 11:00:00
490,34,50,save,,2026-05-17 22:00:00
491,34,,search,tour TP. Hồ Chí Minh 2 ngày dưới 4 triệu,2026-02-26 08:00:00
492,34,,search,tour Hội An 2 ngày dưới 4 triệu,2026-05-20 08:00:00
493,35,43,click,,2026-01-19 23:00:00
494,35,197,save,,2026-07-29 06:00:00
495,35,192,click,,2026-08-08 08:00:00
496,35,223,view,,2026-01-29 15:00:00
497,35,74,view,,2026-06-26 11:00:00
498,35,176,save,,2026-03-03 00:00:00
499,35,92,view,,2026-06-06 05:00:00
500,35,75,view,,2026-05-30 12:00:00
501,35,81,view,,2026-07-10 09:00:00
502,35,54,view,,2026-07-13 22:00:00
503,35,,search,tour Côn Đảo 4 ngày dưới 4 triệu,2026-06-29 08:00:00
504,35,,search,tour Phú Quốc 4 ngày dưới 4 triệu,2026-04-21 08:00:00
505,36,213,view,,2026-04-13 11:00:00
506,36,110,save,,2026-07-31 22:00:00
507,36,11,view,,2026-02-24 04:00:00
508,36,220,click,,2026-02-11 23:00:00
509,36,19,save,,2025-12-24 04:00:00
510,36,149,click,,2026-02-23 15:00:00
511,36,68,click,,2026-01-29 02:00:00
512,36,164,view,,2026-04-02 20:00:00
513,36,34,view,,2026-06-02 04:00:00
514,36,69,view,,2026-01-11 06:00:00
515,36,80,view,,2026-07-09 05:00:00
516,36,37,click,,2026-05-24 14:00:00
517,36,119,click,,2026-04-05 03:00:00
518,36,18,view,,2026-06-22 17:00:00
519,36,,search,tour Cao Bằng 3 ngày dưới 10 triệu,2026-03-10 08:00:00
520,36,,search,tour Phú Quốc 3 ngày dưới 10 triệu,2026-07-03 08:00:00
521,37,126,save,,2026-05-05 06:00:00
522,37,35,view,,2026-07-31 05:00:00
523,37,181,save,,2026-05-07 01:00:00
524,37,99,view,,2025-12-22 14:00:00
525,37,190,click,,2026-01-05 18:00:00
526,37,182,click,,2026-02-12 13:00:00
527,37,208,save,,2026-01-04 23:00:00
528,37,113,click,,2025-12-16 12:00:00
529,37,11,save,,2026-05-11 13:00:00
530,37,48,click,,2026-06-27 03:00:00
531,37,187,view,,2026-03-05 04:00:00
532,37,155,view,,2026-03-28 13:00:00
533,37,175,save,,2026-05-08 22:00:00
534,37,,search,tour Hạ Long 5 ngày dưới 6 triệu,2026-06-20 08:00:00
535,37,,search,tour Nha Trang 5 ngày dưới 6 triệu,2026-08-12 08:00:00
536,38,186,view,,2026-07-30 09:00:00
537,38,84,view,,2026-08-12 03:00:00
538,38,147,click,,2026-06-21 08:00:00
539,38,71,view,,2026-01-28 21:00:00
540,38,171,view,,2026-04-02 05:00:00
541,38,220,click,,2026-04-24 09:00:00
542,38,23,click,,2026-06-01 03:00:00
543,38,9,view,,2026-03-02 10:00:00
544,38,36,save,,2026-01-01 20:00:00
545,38,41,save,,2026-04-08 17:00:00
546,38,33,save,,2026-02-27 11:00:00
547,38,123,view,,2026-03-25 17:00:00
548,38,78,save,,2026-01-25 00:00:00
549,38,153,click,,2026-05-10 03:00:00
550,38,58,click,,2026-07-06 18:00:00
551,38,,search,tour Hà Nội 5 ngày dưới 14 triệu,2026-05-11 08:00:00
552,38,,search,tour Hội An 5 ngày dưới 14 triệu,2026-07-17 08:00:00
553,39,178,view,,2026-05-19 15:00:00
554,39,103,click,,2026-01-16 00:00:00
555,39,198,view,,2026-03-07 20:00:00
556,39,211,view,,2026-03-21 17:00:00
557,39,64,save,,2026-06-15 04:00:00
558,39,40,click,,2026-04-04 20:00:00
559,39,140,view,,2026-07-23 11:00:00
560,39,215,click,,2026-04-29 10:00:00
561,39,219,click,,2025-12-23 15:00:00
562,39,191,click,,2026-04-29 18:00:00
563,39,118,click,,2026-01-20 02:00:00
564,39,26,view,,2026-02-21 19:00:00
565,39,96,save,,2026-03-27 15:00:00
566,39,160,save,,2026-04-21 10:00:00
567,39,234,view,,2026-07-13 11:00:00
568,39,,search,tour Hà Nội 4 ngày dưới 4 triệu,2026-06-13 08:00:00
569,39,,search,tour Đà Lạt 4 ngày dưới 4 triệu,2026-03-05 08:00:00
570,40,237,click,,2026-01-31 16:00:00
571,40,159,view,,2025-12-27 23:00:00
572,40,13,click,,2026-03-01 14:00:00
573,40,69,view,,2026-07-12 12:00:00
574,40,211,view,,2026-07-31 07:00:00
575,40,62,view,,2026-04-18 07:00:00
576,40,103,view,,2026-04-21 04:00:00
577,40,48,view,,2026-02-23 23:00:00
578,40,141,save,,2026-05-04 12:00:00
579,40,150,save,,2026-08-11 06:00:00
580,40,33,view,,2026-04-17 05:00:00
581,40,109,click,,2026-04-27 07:00:00
582,40,2,save,,2026-06-06 09:00:00
583,40,220,save,,2026-07-30 12:00:00
584,40,,search,tour Hà Nội 2 ngày dưới 4 triệu,2026-05-03 08:00:00
585,40,,search,tour Hội An 2 ngày dưới 4 triệu,2026-04-06 08:00:00
586,41,89,view,,2026-02-10 17:00:00
587,41,173,save,,2026-06-15 03:00:00
588,41,195,view,,2025-12-17 13:00:00
589,41,46,save,,2026-06-02 20:00:00
590,41,33,save,,2025-12-17 06:00:00
591,41,77,view,,2026-08-10 00:00:00
592,41,8,click,,2026-01-21 07:00:00
593,41,93,click,,2026-04-09 05:00:00
594,41,,search,tour Nha Trang 2 ngày dưới 8 triệu,2026-03-09 08:00:00
595,41,,search,tour Hạ Long 2 ngày dưới 8 triệu,2026-05-31 08:00:00
596,42,173,save,,2026-03-01 21:00:00
597,42,131,view,,2026-02-22 00:00:00
598,42,67,click,,2026-06-25 05:00:00
599,42,14,save,,2026-05-15 15:00:00
600,42,220,view,,2026-02-12 03:00:00
601,42,43,view,,2026-02-28 16:00:00
602,42,134,save,,2026-05-08 23:00:00
603,42,202,view,,2026-06-19 19:00:00
604,42,,search,tour Huế 3 ngày dưới 18 triệu,2026-05-17 08:00:00
605,42,,search,tour Đà Lạt 3 ngày dưới 18 triệu,2026-08-05 08:00:00
606,43,144,view,,2026-02-12 23:00:00
607,43,232,view,,2026-05-14 12:00:00
608,43,44,click,,2026-05-13 01:00:00
609,43,61,view,,2025-12-24 05:00:00
610,43,219,save,,2026-04-01 08:00:00
611,43,157,view,,2026-06-19 20:00:00
612,43,87,view,,2026-06-13 02:00:00
613,43,72,view,,2026-03-15 12:00:00
614,43,228,view,,2026-07-12 09:00:00
615,43,124,view,,2026-07-31 04:00:00
616,43,130,click,,2026-07-29 06:00:00
617,43,231,view,,2026-06-23 13:00:00
618,43,146,click,,2026-05-19 18:00:00
619,43,102,view,,2026-08-02 00:00:00
620,43,77,view,,2026-07-23 13:00:00
621,43,,search,tour Sa Pa 4 ngày dưới 18 triệu,2026-07-10 08:00:00
622,43,,search,tour Côn Đảo 4 ngày dưới 18 triệu,2026-04-04 08:00:00
623,44,225,view,,2026-04-24 16:00:00
624,44,151,save,,2026-05-19 08:00:00
625,44,46,save,,2026-07-31 00:00:00
626,44,123,click,,2026-06-22 23:00:00
627,44,20,view,,2026-05-20 23:00:00
628,44,134,view,,2026-03-18 04:00:00
629,44,240,click,,2026-04-02 04:00:00
630,44,35,click,,2025-12-19 07:00:00
631,44,228,view,,2026-07-05 04:00:00
632,44,33,save,,2026-05-16 06:00:00
633,44,210,view,,2026-03-02 02:00:00
634,44,125,click,,2026-01-25 00:00:00
635,44,173,save,,2026-05-21 09:00:00
636,44,190,click,,2026-07-24 07:00:00
637,44,,search,tour Hội An 3 ngày dưới 18 triệu,2026-06-18 08:00:00
638,44,,search,tour Nha Trang 3 ngày dưới 18 triệu,2026-02-14 08:00:00
639,45,52,view,,2026-06-30 08:00:00
640,45,215,view,,2026-07-02 16:00:00
641,45,81,view,,2026-06-18 17:00:00
642,45,188,save,,2026-06-08 05:00:00
643,45,216,click,,2026-02-06 17:00:00
644,45,135,view,,2026-04-05 02:00:00
645,45,91,click,,2026-07-15 23:00:00
646,45,100,view,,2026-05-25 19:00:00
647,45,184,view,,2026-01-06 05:00:00
648,45,212,view,,2026-06-16 00:00:00
649,45,34,click,,2026-04-22 23:00:00
650,45,185,save,,2026-07-27 11:00:00
651,45,,search,tour Hà Nội 5 ngày dưới 14 triệu,2026-03-01 08:00:00
652,45,,search,tour Côn Đảo 5 ngày dưới 14 triệu,2026-04-08 08:00:00
653,46,44,view,,2026-04-01 15:00:00
654,46,181,view,,2026-02-26 09:00:00
655,46,36,click,,2026-03-12 06:00:00
656,46,225,view,,2026-08-07 18:00:00
657,46,19,save,,2026-08-11 21:00:00
658,46,189,view,,2026-05-24 17:00:00
659,46,165,view,,2026-02-26 19:00:00
660,46,17,click,,2026-03-22 05:00:00
661,46,,search,tour Côn Đảo 2 ngày dưới 4 triệu,2026-03-20 08:00:00
662,46,,search,tour Nha Trang 2 ngày dưới 4 triệu,2026-04-02 08:00:00
663,47,57,view,,2025-12-30 06:00:00
664,47,177,view,,2026-05-07 09:00:00
665,47,184,click,,2026-02-14 10:00:00
666,47,105,click,,2026-04-22 14:00:00
667,47,21,save,,2026-03-15 18:00:00
668,47,168,view,,2026-07-08 11:00:00
669,47,201,click,,2026-06-16 18:00:00
670,47,176,save,,2026-04-16 01:00:00
671,47,178,click,,2026-03-20 20:00:00
672,47,169,save,,2026-01-16 02:00:00
673,47,35,view,,2026-02-24 20:00:00
674,47,43,click,,2026-02-12 05:00:00
675,47,182,click,,2026-06-29 11:00:00
676,47,216,click,,2026-02-09 17:00:00
677,47,202,click,,2026-01-15 01:00:00
678,47,159,save,,2026-01-01 11:00:00
679,47,154,view,,2026-02-23 04:00:00
680,47,9,view,,2026-01-26 14:00:00
681,47,,search,tour Phú Quốc 2 ngày dưới 8 triệu,2026-07-07 08:00:00
682,47,,search,tour Hạ Long 2 ngày dưới 8 triệu,2026-06-24 08:00:00
683,48,229,click,,2026-03-10 19:00:00
684,48,155,view,,2026-01-01 11:00:00
685,48,120,view,,2026-06-22 11:00:00
686,48,64,click,,2026-05-04 11:00:00
687,48,126,view,,2026-05-24 13:00:00
688,48,214,save,,2026-04-06 03:00:00
689,48,212,view,,2026-06-18 03:00:00
690,48,19,click,,2026-01-31 12:00:00
691,48,237,click,,2026-05-20 13:00:00
692,48,142,click,,2026-01-01 10:00:00
693,48,101,click,,2025-12-23 08:00:00
694,48,103,click,,2026-03-26 03:00:00
695,48,73,click,,2026-02-09 15:00:00
696,48,213,view,,2026-08-06 05:00:00
697,48,54,click,,2026-06-19 00:00:00
698,48,96,view,,2026-07-31 18:00:00
699,48,174,click,,2026-03-06 13:00:00
700,48,,search,tour Nha Trang 3 ngày dưới 18 triệu,2026-04-11 08:00:00
701,48,,search,tour Đà Nẵng 3 ngày dưới 18 triệu,2026-04-01 08:00:00
702,49,231,view,,2026-02-13 19:00:00
703,49,207,click,,2026-05-11 22:00:00
704,49,142,view,,2026-03-24 19:00:00
705,49,166,save,,2026-03-17 19:00:00
706,49,15,save,,2026-08-06 21:00:00
707,49,216,click,,2026-01-11 21:00:00
708,49,81,save,,2026-07-22 04:00:00
709,49,88,view,,2026-05-24 08:00:00
710,49,111,click,,2026-07-10 15:00:00
711,49,,search,tour Hà Nội 4 ngày dưới 4 triệu,2026-03-16 08:00:00
712,49,,search,tour Sa Pa 4 ngày dưới 4 triệu,2026-08-05 08:00:00
713,50,58,click,,2026-01-28 07:00:00
714,50,100,view,,2026-01-12 05:00:00
715,50,87,click,,2026-02-11 20:00:00
716,50,133,view,,2026-01-15 00:00:00
717,50,163,click,,2026-05-29 21:00:00
718,50,80,view,,2026-03-02 22:00:00
719,50,132,click,,2026-08-09 01:00:00
720,50,162,view,,2026-04-27 10:00:00
721,50,239,view,,2026-04-12 02:00:00
722,50,38,click,,2026-02-12 00:00:00
723,50,232,click,,2026-01-31 20:00:00
724,50,189,view,,2026-04-03 13:00:00
725,50,175,click,,2026-07-13 02:00:00
726,50,48,view,,2026-08-07 09:00:00
727,50,,search,tour Đà Lạt 2 ngày dưới 6 triệu,2026-07-30 08:00:00
728,50,,search,tour Nha Trang 2 ngày dưới 6 triệu,2026-07-30 08:00:00
729,51,119,click,,2026-01-01 15:00:00
730,51,112,view,,2025-12-15 15:00:00
731,51,141,save,,2026-07-27 22:00:00
732,51,171,click,,2026-02-08 19:00:00
733,51,24,save,,2026-07-05 18:00:00
734,51,185,view,,2025-12-18 10:00:00
735,51,235,view,,2026-01-28 09:00:00
736,51,126,click,,2026-04-26 15:00:00
737,51,16,click,,2026-04-08 21:00:00
738,51,177,click,,2026-03-21 23:00:00
739,51,131,view,,2026-06-15 22:00:00
740,51,,search,tour Hà Nội 4 ngày dưới 6 triệu,2026-02-20 08:00:00
741,51,,search,tour Đà Nẵng 4 ngày dưới 6 triệu,2026-05-02 08:00:00
742,52,90,click,,2026-08-06 07:00:00
743,52,84,save,,2026-07-25 18:00:00
744,52,80,view,,2026-06-28 03:00:00
745,52,58,view,,2026-03-09 08:00:00
746,52,117,save,,2026-05-15 19:00:00
747,52,132,click,,2026-01-05 08:00:00
748,52,14,view,,2026-03-25 03:00:00
749,52,182,save,,2026-01-04 12:00:00
750,52,161,click,,2026-01-16 00:00:00
751,52,76,click,,2026-05-12 07:00:00
752,52,,search,tour Phú Quốc 3 ngày dưới 4 triệu,2026-06-28 08:00:00
753,52,,search,tour Côn Đảo 3 ngày dưới 4 triệu,2026-07-30 08:00:00
754,53,156,view,,2026-03-30 07:00:00
755,53,69,click,,2026-03-22 12:00:00
756,53,228,click,,2026-05-01 19:00:00
757,53,184,click,,2026-06-29 17:00:00
758,53,12,view,,2026-01-19 20:00:00
759,53,129,save,,2026-01-22 03:00:00
760,53,104,click,,2026-05-04 06:00:00
761,53,36,view,,2026-02-24 10:00:00
762,53,,search,tour Cao Bằng 3 ngày dưới 4 triệu,2026-03-24 08:00:00
763,53,,search,tour Đà Lạt 3 ngày dưới 4 triệu,2026-03-26 08:00:00
764,54,215,view,,2026-07-08 15:00:00
765,54,166,save,,2025-12-29 16:00:00
766,54,69,view,,2026-03-02 14:00:00
767,54,42,click,,2026-04-03 04:00:00
768,54,231,click,,2026-03-06 01:00:00
769,54,208,click,,2026-06-14 00:00:00
770,54,144,view,,2026-05-17 01:00:00
771,54,19,save,,2025-12-22 05:00:00
772,54,110,view,,2026-04-27 08:00:00
773,54,100,view,,2026-03-20 08:00:00
774,54,125,click,,2026-03-29 21:00:00
775,54,57,save,,2026-08-03 19:00:00
776,54,87,click,,2026-01-02 16:00:00
777,54,149,view,,2026-07-01 15:00:00
778,54,143,click,,2026-03-17 16:00:00
779,54,142,save,,2026-04-03 09:00:00
780,54,203,click,,2026-03-05 07:00:00
781,54,66,view,,2026-07-07 16:00:00
782,54,,search,tour Sa Pa 5 ngày dưới 14 triệu,2026-02-19 08:00:00
783,54,,search,tour Hà Nội 5 ngày dưới 14 triệu,2026-06-09 08:00:00
784,55,146,view,,2026-08-09 00:00:00
785,55,94,click,,2026-05-25 22:00:00
786,55,185,save,,2025-12-19 16:00:00
787,55,108,view,,2026-01-10 09:00:00
788,55,45,view,,2026-07-21 00:00:00
789,55,234,view,,2026-05-03 14:00:00
790,55,6,view,,2026-01-27 10:00:00
791,55,116,save,,2026-04-11 15:00:00
792,55,118,click,,2026-01-09 01:00:00
793,55,139,click,,2026-01-21 16:00:00
794,55,225,view,,2026-03-03 15:00:00
795,55,64,save,,2026-02-12 18:00:00
796,55,161,view,,2026-01-27 09:00:00
797,55,89,save,,2026-03-29 21:00:00
798,55,23,click,,2026-06-10 02:00:00
799,55,98,view,,2026-02-13 00:00:00
800,55,61,view,,2026-04-11 10:00:00
801,55,,search,tour Sa Pa 5 ngày dưới 4 triệu,2026-05-23 08:00:00
802,55,,search,tour Cao Bằng 5 ngày dưới 4 triệu,2026-04-09 08:00:00
803,56,192,save,,2026-06-10 11:00:00
804,56,159,click,,2026-04-03 10:00:00
805,56,118,view,,2026-04-01 13:00:00
806,56,237,save,,2026-01-13 14:00:00
807,56,129,view,,2026-07-01 22:00:00
808,56,151,view,,2026-04-26 07:00:00
809,56,50,save,,2026-01-29 17:00:00
810,56,170,click,,2026-03-11 20:00:00
811,56,139,click,,2026-05-01 18:00:00
812,56,206,save,,2026-03-22 23:00:00
813,56,71,save,,2026-07-31 08:00:00
814,56,22,click,,2026-05-29 01:00:00
815,56,180,click,,2025-12-18 05:00:00
816,56,230,view,,2026-04-21 20:00:00
817,56,185,view,,2026-03-06 12:00:00
818,56,,search,tour Đà Lạt 2 ngày dưới 6 triệu,2026-05-15 08:00:00
819,56,,search,tour Nha Trang 2 ngày dưới 6 triệu,2026-06-26 08:00:00
820,57,103,save,,2026-05-20 00:00:00
821,57,68,view,,2026-01-10 15:00:00
822,57,10,click,,2026-02-14 12:00:00
823,57,227,view,,2026-03-11 10:00:00
824,57,197,click,,2026-04-21 16:00:00
825,57,232,click,,2026-01-11 07:00:00
826,57,130,click,,2026-02-24 16:00:00
827,57,210,click,,2025-12-19 01:00:00
828,57,147,click,,2026-04-30 04:00:00
829,57,200,click,,2026-06-24 12:00:00
830,57,,search,tour Đà Nẵng 3 ngày dưới 6 triệu,2026-05-01 08:00:00
831,57,,search,tour Nha Trang 3 ngày dưới 6 triệu,2026-03-06 08:00:00
832,58,234,view,,2026-01-10 16:00:00
833,58,107,click,,2026-03-05 04:00:00
834,58,39,click,,2025-12-21 13:00:00
835,58,210,view,,2026-08-03 23:00:00
836,58,176,click,,2026-07-02 02:00:00
837,58,34,view,,2026-06-13 14:00:00
838,58,223,save,,2025-12-25 09:00:00
839,58,64,click,,2026-03-10 02:00:00
840,58,150,save,,2025-12-26 22:00:00
841,58,12,save,,2026-01-29 19:00:00
842,58,50,save,,2026-03-18 04:00:00
843,58,,search,tour Cao Bằng 3 ngày dưới 8 triệu,2026-04-30 08:00:00
844,58,,search,tour Sa Pa 3 ngày dưới 8 triệu,2026-05-12 08:00:00
845,59,80,click,,2026-01-09 03:00:00
846,59,130,click,,2026-07-11 13:00:00
847,59,50,view,,2026-06-11 01:00:00
848,59,64,view,,2025-12-28 02:00:00
849,59,166,view,,2026-03-12 08:00:00
850,59,89,save,,2026-06-30 04:00:00
851,59,73,view,,2026-03-18 22:00:00
852,59,237,view,,2026-01-03 23:00:00
853,59,180,view,,2026-02-03 01:00:00
854,59,145,view,,2026-02-09 16:00:00
855,59,65,save,,2025-12-16 21:00:00
856,59,,search,tour Phú Quốc 5 ngày dưới 4 triệu,2026-03-09 08:00:00
857,59,,search,tour Hà Nội 5 ngày dưới 4 triệu,2026-05-19 08:00:00
858,60,137,click,,2026-03-27 23:00:00
859,60,233,click,,2026-01-05 17:00:00
860,60,43,view,,2026-05-22 22:00:00
861,60,230,view,,2026-01-26 15:00:00
862,60,40,click,,2026-06-18 21:00:00
863,60,68,save,,2026-07-08 17:00:00
864,60,73,save,,2026-06-06 13:00:00
865,60,190,click,,2026-04-26 18:00:00
866,60,,search,tour Nha Trang 3 ngày dưới 6 triệu,2026-04-02 08:00:00
867,60,,search,tour Đà Lạt 3 ngày dưới 6 triệu,2026-04-09 08:00:00
868,61,225,view,,2026-05-15 02:00:00
869,61,172,click,,2026-07-23 22:00:00
870,61,187,view,,2026-02-25 11:00:00
871,61,219,view,,2026-06-16 13:00:00
872,61,160,view,,2026-07-08 21:00:00
873,61,64,save,,2026-02-23 13:00:00
874,61,86,view,,2025-12-22 00:00:00
875,61,13,view,,2026-05-27 11:00:00
876,61,95,click,,2026-07-26 05:00:00
877,61,,search,tour Hạ Long 2 ngày dưới 18 triệu,2026-06-02 08:00:00
878,61,,search,tour Huế 2 ngày dưới 18 triệu,2026-05-18 08:00:00
879,62,217,click,,2026-04-15 18:00:00
880,62,44,save,,2026-01-29 18:00:00
881,62,160,view,,2026-02-24 17:00:00
882,62,26,click,,2026-06-09 02:00:00
883,62,117,view,,2026-03-01 23:00:00
884,62,18,click,,2026-02-10 07:00:00
885,62,230,view,,2026-01-07 08:00:00
886,62,69,save,,2026-07-16 18:00:00
887,62,61,click,,2026-05-05 11:00:00
888,62,64,save,,2026-04-15 21:00:00
889,62,14,view,,2026-03-03 03:00:00
890,62,,search,tour Côn Đảo 2 ngày dưới 6 triệu,2026-03-21 08:00:00
891,62,,search,tour Huế 2 ngày dưới 6 triệu,2026-02-17 08:00:00
892,63,140,click,,2026-02-04 22:00:00
893,63,113,save,,2026-04-18 18:00:00
894,63,143,click,,2026-02-13 07:00:00
895,63,122,view,,2026-03-29 08:00:00
896,63,160,save,,2026-06-02 04:00:00
897,63,103,view,,2026-06-13 01:00:00
898,63,185,save,,2026-02-27 08:00:00
899,63,195,view,,2026-06-19 08:00:00
900,63,55,click,,2026-04-01 03:00:00
901,63,34,view,,2026-07-18 12:00:00
902,63,180,click,,2026-06-10 00:00:00
903,63,116,click,,2026-02-01 01:00:00
904,63,,search,tour Đà Lạt 3 ngày dưới 10 triệu,2026-03-29 08:00:00
905,63,,search,tour Cao Bằng 3 ngày dưới 10 triệu,2026-06-25 08:00:00
906,64,98,save,,2026-02-19 02:00:00
907,64,76,view,,2026-05-28 22:00:00
908,64,6,save,,2025-12-27 08:00:00
909,64,19,click,,2026-05-04 22:00:00
910,64,140,click,,2026-01-23 12:00:00
911,64,183,save,,2025-12-29 05:00:00
912,64,162,click,,2026-06-10 00:00:00
913,64,118,view,,2026-08-03 03:00:00
914,64,234,click,,2026-07-19 10:00:00
915,64,214,click,,2026-01-11 23:00:00
916,64,78,view,,2026-04-14 19:00:00
917,64,133,click,,2026-01-11 15:00:00
918,64,160,click,,2026-08-11 22:00:00
919,64,197,view,,2026-07-25 04:00:00
920,64,187,view,,2025-12-29 12:00:00
921,64,53,view,,2026-01-14 07:00:00
922,64,237,click,,2026-03-23 07:00:00
923,64,,search,tour Đà Lạt 4 ngày dưới 4 triệu,2026-05-25 08:00:00
924,64,,search,tour Côn Đảo 4 ngày dưới 4 triệu,2026-06-16 08:00:00
925,65,49,save,,2026-01-09 18:00:00
926,65,132,click,,2026-02-25 19:00:00
927,65,162,view,,2025-12-30 21:00:00
928,65,58,click,,2026-03-01 23:00:00
929,65,160,view,,2026-01-21 14:00:00
930,65,174,click,,2026-08-10 22:00:00
931,65,189,view,,2026-03-11 17:00:00
932,65,190,view,,2026-05-27 05:00:00
933,65,122,view,,2025-12-20 13:00:00
934,65,,search,tour Hà Nội 5 ngày dưới 10 triệu,2026-07-23 08:00:00
935,65,,search,tour TP. Hồ Chí Minh 5 ngày dưới 10 triệu,2026-05-02 08:00:00
936,66,70,view,,2026-03-28 17:00:00
937,66,75,view,,2025-12-16 03:00:00
938,66,106,view,,2026-07-14 20:00:00
939,66,116,save,,2026-05-27 06:00:00
940,66,160,save,,2026-05-21 18:00:00
941,66,134,view,,2026-01-16 20:00:00
942,66,31,click,,2026-04-13 14:00:00
943,66,220,view,,2026-01-26 23:00:00
944,66,139,save,,2026-03-01 17:00:00
945,66,82,click,,2025-12-26 23:00:00
946,66,118,click,,2026-05-11 20:00:00
947,66,169,save,,2026-06-03 22:00:00
948,66,61,click,,2026-02-28 00:00:00
949,66,181,view,,2025-12-21 22:00:00
950,66,164,save,,2026-05-27 12:00:00
951,66,218,view,,2026-08-03 00:00:00
952,66,,search,tour TP. Hồ Chí Minh 2 ngày dưới 4 triệu,2026-06-26 08:00:00
953,66,,search,tour Hạ Long 2 ngày dưới 4 triệu,2026-03-12 08:00:00
954,67,76,click,,2026-04-15 13:00:00
955,67,101,click,,2026-06-23 22:00:00
956,67,162,save,,2026-03-13 05:00:00
957,67,168,view,,2026-07-27 23:00:00
958,67,139,view,,2026-04-13 18:00:00
959,67,71,save,,2026-06-29 14:00:00
960,67,165,click,,2026-03-13 00:00:00
961,67,29,view,,2026-05-06 07:00:00
962,67,17,view,,2026-07-12 08:00:00
963,67,26,view,,2026-02-05 18:00:00
964,67,84,save,,2026-01-03 16:00:00
965,67,180,click,,2026-05-26 15:00:00
966,67,174,save,,2026-03-27 01:00:00
967,67,64,save,,2026-04-17 07:00:00
968,67,189,view,,2026-06-06 19:00:00
969,67,43,click,,2026-01-13 18:00:00
970,67,,search,tour TP. Hồ Chí Minh 5 ngày dưới 8 triệu,2026-08-08 08:00:00
971,67,,search,tour Đà Nẵng 5 ngày dưới 8 triệu,2026-04-16 08:00:00
972,68,33,click,,2026-03-19 03:00:00
973,68,164,view,,2026-02-20 15:00:00
974,68,239,view,,2026-02-08 19:00:00
975,68,160,click,,2025-12-31 01:00:00
976,68,197,view,,2026-08-03 08:00:00
977,68,184,save,,2026-07-03 01:00:00
978,68,16,click,,2026-02-25 04:00:00
979,68,6,click,,2026-07-07 23:00:00
980,68,100,view,,2026-04-17 11:00:00
981,68,92,view,,2026-08-07 21:00:00
982,68,70,view,,2025-12-27 12:00:00
983,68,58,view,,2026-03-02 23:00:00
984,68,,search,tour Cao Bằng 3 ngày dưới 4 triệu,2026-05-01 08:00:00
985,68,,search,tour TP. Hồ Chí Minh 3 ngày dưới 4 triệu,2026-07-24 08:00:00
986,69,230,click,,2026-01-01 02:00:00
987,69,35,save,,2025-12-22 22:00:00
988,69,188,save,,2026-04-03 20:00:00
989,69,218,view,,2026-06-21 08:00:00
990,69,62,view,,2026-01-29 08:00:00
991,69,17,view,,2026-01-25 08:00:00
992,69,83,view,,2026-02-28 02:00:00
993,69,69,view,,2026-01-16 21:00:00
994,69,110,click,,2026-02-08 23:00:00
995,69,33,save,,2026-06-04 07:00:00
996,69,,search,tour Nha Trang 2 ngày dưới 14 triệu,2026-04-29 08:00:00
997,69,,search,tour Hội An 2 ngày dưới 14 triệu,2026-04-13 08:00:00
998,70,144,save,,2026-01-12 06:00:00
999,70,161,click,,2026-05-13 05:00:00
1000,70,82,view,,2026-07-24 21:00:00
1001,70,88,save,,2026-07-13 09:00:00
1002,70,130,view,,2026-04-01 07:00:00
1003,70,220,view,,2026-01-30 05:00:00
1004,70,167,view,,2026-06-17 07:00:00
1005,70,218,save,,2026-03-28 16:00:00
1006,70,23,view,,2026-08-07 21:00:00
1007,70,122,view,,2026-07-27 08:00:00
1008,70,13,save,,2026-04-22 18:00:00
1009,70,8,click,,2026-08-05 13:00:00
1010,70,11,click,,2026-08-09 16:00:00
1011,70,124,view,,2026-07-02 21:00:00
1012,70,28,view,,2026-07-26 08:00:00
1013,70,,search,tour Hội An 4 ngày dưới 8 triệu,2026-07-06 08:00:00
1014,70,,search,tour TP. Hồ Chí Minh 4 ngày dưới 8 triệu,2026-07-14 08:00:00
1015,71,220,click,,2026-05-16 13:00:00
1016,71,25,save,,2026-03-20 18:00:00
1017,71,22,save,,2026-02-10 06:00:00
1018,71,219,click,,2026-03-24 06:00:00
1019,71,36,click,,2026-03-01 09:00:00
1020,71,82,save,,2026-07-05 16:00:00
1021,71,112,click,,2026-05-26 05:00:00
1022,71,162,view,,2026-01-07 17:00:00
1023,71,81,save,,2026-03-05 08:00:00
1024,71,64,view,,2026-07-03 18:00:00
1025,71,188,view,,2026-08-02 18:00:00
1026,71,56,save,,2026-06-24 10:00:00
1027,71,,search,tour Hà Nội 3 ngày dưới 18 triệu,2026-03-16 08:00:00
1028,71,,search,tour TP. Hồ Chí Minh 3 ngày dưới 18 triệu,2026-03-14 08:00:00
1029,72,38,save,,2026-05-20 14:00:00
1030,72,161,view,,2026-02-18 03:00:00
1031,72,146,click,,2026-01-17 11:00:00
1032,72,20,view,,2026-05-04 19:00:00
1033,72,49,view,,2026-03-10 07:00:00
1034,72,19,view,,2026-04-11 06:00:00
1035,72,181,view,,2026-04-16 07:00:00
1036,72,169,click,,2026-07-14 15:00:00
1037,72,63,view,,2026-02-19 09:00:00
1038,72,,search,tour Phú Quốc 5 ngày dưới 6 triệu,2026-06-28 08:00:00
1039,72,,search,tour Cao Bằng 5 ngày dưới 6 triệu,2026-07-16 08:00:00
1040,73,43,view,,2026-05-17 07:00:00
1041,73,233,click,,2026-01-14 05:00:00
1042,73,180,view,,2026-07-23 21:00:00
1043,73,145,save,,2026-01-04 09:00:00
1044,73,98,view,,2026-01-18 22:00:00
1045,73,120,view,,2026-03-22 19:00:00
1046,73,139,click,,2026-06-26 08:00:00
1047,73,219,click,,2026-01-30 06:00:00
1048,73,161,view,,2026-04-25 01:00:00
1049,73,11,view,,2026-07-18 08:00:00
1050,73,,search,tour Phú Quốc 5 ngày dưới 8 triệu,2026-05-13 08:00:00
1051,73,,search,tour Côn Đảo 5 ngày dưới 8 triệu,2026-08-11 08:00:00
1052,74,73,view,,2026-01-19 22:00:00
1053,74,97,view,,2026-06-21 21:00:00
1054,74,160,view,,2026-07-07 12:00:00
1055,74,12,click,,2026-07-31 02:00:00
1056,74,50,view,,2026-04-07 10:00:00
1057,74,119,click,,2026-06-03 18:00:00
1058,74,22,view,,2026-06-27 18:00:00
1059,74,210,click,,2026-06-01 21:00:00
1060,74,153,view,,2026-03-18 16:00:00
1061,74,134,view,,2026-04-24 19:00:00
1062,74,111,click,,2026-06-20 06:00:00
1063,74,28,save,,2026-07-15 14:00:00
1064,74,27,view,,2026-06-17 11:00:00
1065,74,82,click,,2026-01-05 09:00:00
1066,74,186,click,,2026-04-30 20:00:00
1067,74,,search,tour Huế 5 ngày dưới 14 triệu,2026-06-21 08:00:00
1068,74,,search,tour Đà Nẵng 5 ngày dưới 14 triệu,2026-02-20 08:00:00
1069,75,224,click,,2026-04-27 14:00:00
1070,75,206,save,,2026-04-04 23:00:00
1071,75,235,save,,2026-05-08 15:00:00
1072,75,185,click,,2026-07-10 01:00:00
1073,75,96,view,,2026-02-19 10:00:00
1074,75,66,click,,2026-08-08 01:00:00
1075,75,99,click,,2026-07-24 21:00:00
1076,75,48,view,,2026-02-01 14:00:00
1077,75,190,view,,2026-01-26 02:00:00
1078,75,53,click,,2026-02-25 00:00:00
1079,75,166,view,,2026-07-06 11:00:00
1080,75,183,view,,2026-05-15 21:00:00
1081,75,10,click,,2026-03-12 14:00:00
1082,75,191,view,,2026-06-19 13:00:00
1083,75,7,save,,2026-03-25 04:00:00
1084,75,,search,tour Hội An 5 ngày dưới 6 triệu,2026-02-14 08:00:00
1085,75,,search,tour Côn Đảo 5 ngày dưới 6 triệu,2026-04-14 08:00:00
1086,76,133,view,,2026-05-02 00:00:00
1087,76,214,view,,2026-01-07 22:00:00
1088,76,237,click,,2026-07-02 23:00:00
1089,76,121,save,,2026-05-07 06:00:00
1090,76,55,view,,2026-02-11 03:00:00
1091,76,100,view,,2026-01-10 06:00:00
1092,76,61,view,,2026-06-30 22:00:00
1093,76,137,view,,2026-05-22 22:00:00
1094,76,186,view,,2026-04-03 21:00:00
1095,76,,search,tour Sa Pa 2 ngày dưới 4 triệu,2026-04-24 08:00:00
1096,76,,search,tour Cao Bằng 2 ngày dưới 4 triệu,2026-08-11 08:00:00
1097,77,18,click,,2026-01-24 00:00:00
1098,77,203,click,,2026-07-25 19:00:00
1099,77,198,click,,2026-07-16 12:00:00
1100,77,131,click,,2026-01-11 12:00:00
1101,77,205,view,,2026-03-20 21:00:00
1102,77,137,click,,2026-04-09 07:00:00
1103,77,57,save,,2025-12-24 09:00:00
1104,77,140,view,,2026-01-18 13:00:00
1105,77,53,view,,2026-03-28 17:00:00
1106,77,,search,tour Phú Quốc 2 ngày dưới 6 triệu,2026-04-10 08:00:00
1107,77,,search,tour Hội An 2 ngày dưới 6 triệu,2026-02-22 08:00:00
1108,78,178,view,,2026-02-03 00:00:00
1109,78,95,save,,2026-01-24 13:00:00
1110,78,68,view,,2026-04-14 22:00:00
1111,78,24,click,,2025-12-16 22:00:00
1112,78,181,view,,2026-03-26 19:00:00
1113,78,112,click,,2026-04-12 00:00:00
1114,78,207,view,,2026-06-19 02:00:00
1115,78,152,click,,2026-01-27 23:00:00
1116,78,175,view,,2026-03-18 15:00:00
1117,78,63,view,,2026-01-26 03:00:00
1118,78,,search,tour Cao Bằng 2 ngày dưới 14 triệu,2026-05-20 08:00:00
1119,78,,search,tour Đà Nẵng 2 ngày dưới 14 triệu,2026-06-07 08:00:00
1120,79,46,view,,2026-07-01 21:00:00
1121,79,30,click,,2026-03-07 21:00:00
1122,79,121,click,,2026-06-09 18:00:00
1123,79,26,save,,2026-02-09 06:00:00
1124,79,4,view,,2026-06-14 04:00:00
1125,79,89,view,,2025-12-26 14:00:00
1126,79,122,view,,2026-01-20 11:00:00
1127,79,88,save,,2026-03-31 01:00:00
1128,79,72,click,,2026-03-23 15:00:00
1129,79,69,save,,2026-02-18 00:00:00
1130,79,192,click,,2026-05-01 13:00:00
1131,79,139,view,,2026-07-31 13:00:00
1132,79,43,view,,2026-03-22 14:00:00
1133,79,195,click,,2026-04-22 14:00:00
1134,79,77,view,,2026-02-01 06:00:00
1135,79,,search,tour Phú Quốc 3 ngày dưới 4 triệu,2026-03-06 08:00:00
1136,79,,search,tour Sa Pa 3 ngày dưới 4 triệu,2026-04-26 08:00:00
1137,80,238,click,,2026-02-22 23:00:00
1138,80,236,view,,2026-04-16 11:00:00
1139,80,157,click,,2026-07-18 19:00:00
1140,80,172,view,,2026-08-05 15:00:00
1141,80,181,view,,2026-01-31 01:00:00
1142,80,76,view,,2026-03-13 11:00:00
1143,80,13,view,,2026-02-15 03:00:00
1144,80,51,save,,2026-04-11 00:00:00
1145,80,201,view,,2026-07-11 07:00:00
1146,80,142,click,,2026-01-21 21:00:00
1147,80,54,view,,2026-01-04 03:00:00
1148,80,75,save,,2026-07-28 12:00:00
1149,80,58,view,,2026-08-11 02:00:00
1150,80,,search,tour Phú Quốc 5 ngày dưới 14 triệu,2026-02-16 08:00:00
1151,80,,search,tour Côn Đảo 5 ngày dưới 14 triệu,2026-07-16 08:00:00
1152,81,41,save,,2026-02-27 04:00:00
1153,81,214,view,,2026-06-17 16:00:00
1154,81,226,view,,2026-06-10 09:00:00
1155,81,81,click,,2026-02-13 05:00:00
1156,81,101,click,,2026-04-08 03:00:00
1157,81,86,view,,2026-06-02 02:00:00
1158,81,188,click,,2026-03-04 18:00:00
1159,81,13,view,,2026-07-02 04:00:00
1160,81,229,click,,2026-01-28 10:00:00
1161,81,107,view,,2026-06-22 13:00:00
1162,81,159,click,,2026-07-09 08:00:00
1163,81,,search,tour Hạ Long 3 ngày dưới 6 triệu,2026-03-21 08:00:00
1164,81,,search,tour Hà Nội 3 ngày dưới 6 triệu,2026-03-31 08:00:00
1165,82,215,click,,2026-06-24 06:00:00
1166,82,11,view,,2026-07-22 03:00:00
1167,82,81,view,,2026-04-25 10:00:00
1168,82,127,click,,2026-02-10 22:00:00
1169,82,87,view,,2026-07-23 22:00:00
1170,82,159,view,,2026-03-02 08:00:00
1171,82,84,save,,2026-04-03 13:00:00
1172,82,18,view,,2026-06-23 21:00:00
1173,82,55,save,,2026-03-11 01:00:00
1174,82,39,view,,2026-07-01 23:00:00
1175,82,89,view,,2026-02-28 06:00:00
1176,82,33,save,,2026-05-27 00:00:00
1177,82,108,click,,2026-01-08 21:00:00
1178,82,,search,tour TP. Hồ Chí Minh 5 ngày dưới 14 triệu,2026-08-07 08:00:00
1179,82,,search,tour Sa Pa 5 ngày dưới 14 triệu,2026-05-25 08:00:00
1180,83,174,save,,2026-03-29 21:00:00
1181,83,220,view,,2026-03-27 16:00:00
1182,83,13,click,,2026-04-16 22:00:00
1183,83,9,click,,2026-04-29 18:00:00
1184,83,40,click,,2026-06-11 20:00:00
1185,83,208,view,,2026-02-09 15:00:00
1186,83,30,view,,2026-07-08 15:00:00
1187,83,76,click,,2026-03-07 17:00:00
1188,83,86,click,,2026-03-27 16:00:00
1189,83,221,save,,2026-06-02 03:00:00
1190,83,,search,tour Cao Bằng 3 ngày dưới 4 triệu,2026-02-21 08:00:00
1191,83,,search,tour TP. Hồ Chí Minh 3 ngày dưới 4 triệu,2026-05-15 08:00:00
1192,84,94,click,,2026-04-19 15:00:00
1193,84,150,click,,2026-05-04 22:00:00
1194,84,189,click,,2026-04-04 05:00:00
1195,84,125,view,,2026-08-07 20:00:00
1196,84,74,view,,2026-01-07 18:00:00
1197,84,36,click,,2026-06-30 09:00:00
1198,84,11,view,,2026-06-16 20:00:00
1199,84,25,click,,2026-02-10 09:00:00
1200,84,214,view,,2026-03-23 01:00:00
1201,84,83,click,,2026-05-31 21:00:00
1202,84,41,save,,2026-05-05 14:00:00
1203,84,144,click,,2026-06-08 23:00:00
1204,84,120,view,,2026-01-07 16:00:00
1205,84,216,view,,2026-08-02 17:00:00
1206,84,186,save,,2026-06-28 01:00:00
1207,84,217,view,,2026-03-10 05:00:00
1208,84,117,click,,2026-07-16 03:00:00
1209,84,46,click,,2026-08-11 13:00:00
1210,84,,search,tour Hà Nội 2 ngày dưới 18 triệu,2026-04-26 08:00:00
1211,84,,search,tour TP. Hồ Chí Minh 2 ngày dưới 18 triệu,2026-03-22 08:00:00
1212,85,98,click,,2026-02-02 07:00:00
1213,85,237,save,,2026-05-07 11:00:00
1214,85,44,view,,2025-12-18 20:00:00
1215,85,57,save,,2026-05-14 07:00:00
1216,85,99,view,,2026-06-23 22:00:00
1217,85,87,view,,2026-07-25 09:00:00
1218,85,90,view,,2025-12-30 20:00:00
1219,85,32,view,,2026-02-10 10:00:00
1220,85,206,view,,2026-04-14 17:00:00
1221,85,226,view,,2026-05-17 02:00:00
1222,85,25,save,,2026-06-06 15:00:00
1223,85,201,save,,2026-04-01 13:00:00
1224,85,193,view,,2026-07-03 04:00:00
1225,85,188,view,,2026-01-15 17:00:00
1226,85,73,click,,2026-05-30 17:00:00
1227,85,157,view,,2026-04-19 02:00:00
1228,85,,search,tour Nha Trang 3 ngày dưới 6 triệu,2026-03-18 08:00:00
1229,85,,search,tour Hà Nội 3 ngày dưới 6 triệu,2026-06-29 08:00:00
1230,86,113,view,,2026-05-26 16:00:00
1231,86,168,save,,2026-03-29 17:00:00
1232,86,48,click,,2026-02-25 01:00:00
1233,86,229,click,,2026-08-11 14:00:00
1234,86,75,save,,2026-07-27 19:00:00
1235,86,23,click,,2026-07-31 12:00:00
1236,86,129,view,,2026-07-25 17:00:00
1237,86,224,save,,2026-03-08 05:00:00
1238,86,124,click,,2026-05-23 05:00:00
1239,86,64,view,,2026-01-24 13:00:00
1240,86,204,view,,2026-04-28 04:00:00
1241,86,231,view,,2026-01-19 16:00:00
1242,86,69,save,,2026-08-05 10:00:00
1243,86,209,save,,2026-06-05 05:00:00
1244,86,235,click,,2025-12-16 11:00:00
1245,86,50,save,,2026-01-07 12:00:00
1246,86,,search,tour Sa Pa 2 ngày dưới 8 triệu,2026-04-23 08:00:00
1247,86,,search,tour Phú Quốc 2 ngày dưới 8 triệu,2026-05-21 08:00:00
1248,87,169,view,,2026-02-15 19:00:00
1249,87,168,view,,2026-02-16 12:00:00
1250,87,209,view,,2026-05-08 01:00:00
1251,87,140,save,,2026-07-19 01:00:00
1252,87,176,save,,2026-01-26 05:00:00
1253,87,43,click,,2025-12-20 20:00:00
1254,87,29,click,,2025-12-17 15:00:00
1255,87,225,view,,2026-03-15 10:00:00
1256,87,91,view,,2026-02-22 00:00:00
1257,87,,search,tour Hội An 5 ngày dưới 6 triệu,2026-02-14 08:00:00
1258,87,,search,tour Phú Quốc 5 ngày dưới 6 triệu,2026-06-27 08:00:00
1259,88,17,click,,2026-03-24 19:00:00
1260,88,221,click,,2026-02-04 14:00:00
1261,88,176,click,,2026-06-08 07:00:00
1262,88,179,click,,2026-07-09 07:00:00
1263,88,61,save,,2026-04-08 04:00:00
1264,88,3,click,,2026-07-02 01:00:00
1265,88,26,click,,2026-03-07 21:00:00
1266,88,109,view,,2026-05-23 23:00:00
1267,88,,search,tour Sa Pa 4 ngày dưới 10 triệu,2026-06-15 08:00:00
1268,88,,search,tour Huế 4 ngày dưới 10 triệu,2026-06-15 08:00:00
1269,89,132,view,,2025-12-25 12:00:00
1270,89,122,click,,2026-04-01 17:00:00
1271,89,87,save,,2026-03-25 13:00:00
1272,89,160,click,,2026-03-19 08:00:00
1273,89,43,click,,2026-02-13 10:00:00
1274,89,33,save,,2026-08-02 23:00:00
1275,89,10,click,,2026-03-04 11:00:00
1276,89,239,save,,2026-02-19 00:00:00
1277,89,14,click,,2026-06-10 12:00:00
1278,89,112,view,,2026-04-18 12:00:00
1279,89,227,save,,2026-06-30 16:00:00
1280,89,166,click,,2026-06-30 12:00:00
1281,89,218,click,,2026-08-05 17:00:00
1282,89,219,view,,2026-02-05 20:00:00
1283,89,3,click,,2025-12-22 03:00:00
1284,89,126,save,,2026-05-05 23:00:00
1285,89,40,click,,2026-04-23 00:00:00
1286,89,,search,tour Hạ Long 5 ngày dưới 10 triệu,2026-03-23 08:00:00
1287,89,,search,tour Huế 5 ngày dưới 10 triệu,2026-03-21 08:00:00
1288,90,181,view,,2026-02-21 09:00:00
1289,90,51,view,,2026-04-13 06:00:00
1290,90,143,click,,2026-04-08 03:00:00
1291,90,141,view,,2026-07-10 23:00:00
1292,90,174,view,,2026-02-28 09:00:00
1293,90,139,view,,2026-05-19 09:00:00
1294,90,146,view,,2026-08-08 09:00:00
1295,90,237,view,,2026-01-08 08:00:00
1296,90,101,click,,2026-07-30 06:00:00
1297,90,48,save,,2026-07-19 20:00:00
1298,90,138,view,,2026-07-20 07:00:00
1299,90,59,click,,2026-01-11 15:00:00
1300,90,16,view,,2026-07-19 13:00:00
1301,90,215,save,,2026-06-05 14:00:00
1302,90,,search,tour Sa Pa 5 ngày dưới 18 triệu,2026-04-24 08:00:00
1303,90,,search,tour Cao Bằng 5 ngày dưới 18 triệu,2026-07-13 08:00:00
1304,91,37,view,,2026-07-29 13:00:00
1305,91,100,view,,2026-07-23 23:00:00
1306,91,82,view,,2026-06-02 13:00:00
1307,91,53,click,,2026-01-05 18:00:00
1308,91,192,click,,2026-05-26 09:00:00
1309,91,129,view,,2026-03-18 00:00:00
1310,91,161,click,,2026-03-01 03:00:00
1311,91,94,view,,2026-01-31 01:00:00
1312,91,,search,tour Huế 5 ngày dưới 6 triệu,2026-06-15 08:00:00
1313,91,,search,tour TP. Hồ Chí Minh 5 ngày dưới 6 triệu,2026-06-22 08:00:00
1314,92,12,view,,2026-07-23 13:00:00
1315,92,26,save,,2026-08-02 03:00:00
1316,92,160,click,,2026-07-05 08:00:00
1317,92,19,view,,2026-08-12 00:00:00
1318,92,139,view,,2026-02-21 05:00:00
1319,92,10,view,,2026-05-22 00:00:00
1320,92,65,click,,2026-02-20 13:00:00
1321,92,108,view,,2026-05-29 19:00:00
1322,92,120,view,,2025-12-31 19:00:00
1323,92,,search,tour Đà Lạt 4 ngày dưới 4 triệu,2026-06-18 08:00:00
1324,92,,search,tour Côn Đảo 4 ngày dưới 4 triệu,2026-03-06 08:00:00
1325,93,162,click,,2026-01-15 00:00:00
1326,93,141,save,,2026-08-05 19:00:00
1327,93,124,save,,2026-06-02 08:00:00
1328,93,8,save,,2026-07-13 03:00:00
1329,93,174,view,,2026-05-15 23:00:00
1330,93,60,click,,2026-04-13 09:00:00
1331,93,84,click,,2026-02-15 19:00:00
1332,93,207,click,,2026-06-30 10:00:00
1333,93,,search,tour Phú Quốc 5 ngày dưới 14 triệu,2026-07-02 08:00:00
1334,93,,search,tour Cao Bằng 5 ngày dưới 14 triệu,2026-03-18 08:00:00
1335,94,151,click,,2026-03-17 00:00:00
1336,94,46,view,,2026-04-16 22:00:00
1337,94,30,view,,2026-02-07 08:00:00
1338,94,112,view,,2026-04-21 19:00:00
1339,94,92,click,,2026-01-13 14:00:00
1340,94,82,click,,2026-04-24 02:00:00
1341,94,121,click,,2026-08-02 12:00:00
1342,94,156,click,,2026-02-07 20:00:00
1343,94,81,click,,2026-06-18 22:00:00
1344,94,100,click,,2026-01-10 14:00:00
1345,94,115,click,,2025-12-23 00:00:00
1346,94,78,click,,2025-12-25 08:00:00
1347,94,7,save,,2025-12-16 03:00:00
1348,94,,search,tour Hạ Long 5 ngày dưới 8 triệu,2026-07-25 08:00:00
1349,94,,search,tour Hội An 5 ngày dưới 8 triệu,2026-05-20 08:00:00
1350,95,27,click,,2026-06-15 10:00:00
1351,95,111,view,,2026-04-03 06:00:00
1352,95,65,save,,2026-05-08 20:00:00
1353,95,228,click,,2026-05-31 01:00:00
1354,95,102,view,,2026-01-17 16:00:00
1355,95,101,save,,2026-03-15 01:00:00
1356,95,60,save,,2026-05-11 02:00:00
1357,95,131,view,,2026-06-15 08:00:00
1358,95,94,view,,2026-03-03 04:00:00
1359,95,,search,tour Đà Nẵng 2 ngày dưới 14 triệu,2026-06-12 08:00:00
1360,95,,search,tour Sa Pa 2 ngày dưới 14 triệu,2026-08-06 08:00:00
1361,96,50,view,,2026-05-06 04:00:00
1362,96,178,click,,2025-12-24 23:00:00
1363,96,69,view,,2026-07-04 21:00:00
1364,96,205,click,,2026-03-04 08:00:00
1365,96,36,save,,2026-06-28 11:00:00
1366,96,3,view,,2026-01-31 13:00:00
1367,96,98,view,,2026-02-25 07:00:00
1368,96,9,click,,2026-02-22 18:00:00
1369,96,14,click,,2026-03-27 00:00:00
1370,96,111,view,,2026-02-28 21:00:00
1371,96,198,view,,2026-05-24 12:00:00
1372,96,235,view,,2026-02-15 01:00:00
1373,96,,search,tour Đà Nẵng 2 ngày dưới 6 triệu,2026-03-14 08:00:00
1374,96,,search,tour Hà Nội 2 ngày dưới 6 triệu,2026-07-07 08:00:00
1375,97,51,click,,2026-02-27 13:00:00
1376,97,225,view,,2026-05-07 01:00:00
1377,97,41,view,,2025-12-17 03:00:00
1378,97,180,save,,2026-06-08 16:00:00
1379,97,209,view,,2026-03-29 17:00:00
1380,97,178,view,,2026-03-05 14:00:00
1381,97,106,save,,2026-03-26 12:00:00
1382,97,57,click,,2026-05-06 17:00:00
1383,97,66,click,,2026-06-20 02:00:00
1384,97,,search,tour Huế 4 ngày dưới 18 triệu,2026-08-04 08:00:00
1385,97,,search,tour Đà Nẵng 4 ngày dưới 18 triệu,2026-05-03 08:00:00
1386,98,38,click,,2026-04-09 23:00:00
1387,98,139,view,,2026-07-02 16:00:00
1388,98,125,view,,2026-03-30 16:00:00
1389,98,57,view,,2026-05-13 12:00:00
1390,98,15,save,,2026-07-12 12:00:00
1391,98,41,view,,2025-12-29 02:00:00
1392,98,101,save,,2025-12-16 15:00:00
1393,98,71,view,,2026-03-21 09:00:00
1394,98,48,click,,2026-07-10 14:00:00
1395,98,81,view,,2026-05-23 09:00:00
1396,98,64,view,,2026-04-12 07:00:00
1397,98,120,save,,2026-04-25 02:00:00
1398,98,42,view,,2026-01-22 16:00:00
1399,98,197,click,,2026-08-04 08:00:00
1400,98,68,click,,2026-02-07 23:00:00
1401,98,151,view,,2026-03-08 01:00:00
1402,98,123,view,,2026-01-01 07:00:00
1403,98,74,view,,2026-03-26 09:00:00
1404,98,,search,tour Nha Trang 2 ngày dưới 18 triệu,2026-08-09 08:00:00
1405,98,,search,tour Hà Nội 2 ngày dưới 18 triệu,2026-03-12 08:00:00
1406,99,52,click,,2026-05-22 09:00:00
1407,99,230,view,,2026-07-28 18:00:00
1408,99,69,click,,2026-04-06 20:00:00
1409,99,175,view,,2026-07-15 20:00:00
1410,99,102,click,,2026-05-31 23:00:00
1411,99,126,click,,2026-07-22 18:00:00
1412,99,156,view,,2026-04-23 13:00:00
1413,99,195,view,,2026-06-27 00:00:00
1414,99,6,view,,2026-03-06 15:00:00
1415,99,89,save,,2026-04-17 00:00:00
1416,99,,search,tour Hội An 4 ngày dưới 14 triệu,2026-06-05 08:00:00
1417,99,,search,tour Nha Trang 4 ngày dưới 14 triệu,2026-07-01 08:00:00
1418,100,174,click,,2026-05-20 21:00:00
1419,100,85,view,,2026-03-22 16:00:00
1420,100,223,view,,2026-05-14 23:00:00
1421,100,193,save,,2026-07-22 19:00:00
1422,100,137,view,,2026-01-27 02:00:00
1423,100,107,view,,2026-02-04 06:00:00
1424,100,116,save,,2026-01-04 06:00:00
1425,100,148,view,,2026-05-07 14:00:00
1426,100,57,view,,2026-06-17 16:00:00
1427,100,12,view,,2025-12-27 15:00:00
1428,100,206,view,,2026-02-14 01:00:00
1429,100,216,view,,2026-02-10 00:00:00
1430,100,169,view,,2026-07-28 10:00:00
1431,100,13,click,,2026-05-22 21:00:00
1432,100,230,click,,2026-06-14 10:00:00
1433,100,17,view,,2026-01-24 18:00:00
1434,100,201,click,,2026-05-16 19:00:00
1435,100,,search,tour Côn Đảo 3 ngày dưới 10 triệu,2026-08-12 08:00:00
1436,100,,search,tour Đà Nẵng 3 ngày dưới 10 triệu,2026-04-05 08:00:00
1437,101,27,view,,2026-03-20 17:00:00
1438,101,221,view,,2026-06-12 03:00:00
1439,101,100,view,,2026-01-30 04:00:00
1440,101,156,click,,2026-04-29 02:00:00
1441,101,143,view,,2025-12-22 13:00:00
1442,101,103,click,,2026-03-12 11:00:00
1443,101,135,click,,2026-06-13 15:00:00
1444,101,157,view,,2026-01-18 03:00:00
1445,101,28,save,,2026-02-07 07:00:00
1446,101,209,view,,2026-02-01 02:00:00
1447,101,74,save,,2026-02-25 09:00:00
1448,101,151,view,,2026-05-09 01:00:00
1449,101,234,save,,2026-07-30 19:00:00
1450,101,165,click,,2026-05-19 21:00:00
1451,101,230,click,,2026-07-30 20:00:00
1452,101,160,click,,2026-06-23 05:00:00
1453,101,26,click,,2026-07-03 03:00:00
1454,101,114,view,,2026-01-22 19:00:00
1455,101,,search,tour Đà Lạt 4 ngày dưới 18 triệu,2026-07-15 08:00:00
1456,101,,search,tour Hà Nội 4 ngày dưới 18 triệu,2026-06-03 08:00:00
1457,102,155,view,,2026-06-14 15:00:00
1458,102,200,view,,2026-06-06 14:00:00
1459,102,21,save,,2026-08-04 21:00:00
1460,102,135,click,,2026-02-18 16:00:00
1461,102,58,click,,2026-07-16 09:00:00
1462,102,66,view,,2026-06-27 00:00:00
1463,102,68,click,,2026-05-14 16:00:00
1464,102,217,click,,2026-03-22 13:00:00
1465,102,206,view,,2026-04-19 20:00:00
1466,102,81,click,,2026-02-21 19:00:00
1467,102,89,click,,2026-05-26 23:00:00
1468,102,189,click,,2026-06-25 12:00:00
1469,102,113,click,,2026-06-14 17:00:00
1470,102,198,view,,2026-06-10 19:00:00
1471,102,238,save,,2025-12-24 22:00:00
1472,102,190,view,,2026-06-02 17:00:00
1473,102,93,view,,2026-02-24 22:00:00
1474,102,100,click,,2026-04-29 11:00:00
1475,102,,search,tour Sa Pa 4 ngày dưới 8 triệu,2026-07-27 08:00:00
1476,102,,search,tour Nha Trang 4 ngày dưới 8 triệu,2026-04-06 08:00:00
1477,103,117,save,,2026-06-04 06:00:00
1478,103,103,view,,2026-01-14 10:00:00
1479,103,81,view,,2026-07-28 11:00:00
1480,103,111,view,,2026-04-09 01:00:00
1481,103,192,click,,2026-07-20 04:00:00
1482,103,122,click,,2026-05-12 22:00:00
1483,103,203,click,,2026-04-19 00:00:00
1484,103,94,save,,2026-08-05 10:00:00
1485,103,20,view,,2026-03-28 22:00:00
1486,103,215,view,,2026-01-13 07:00:00
1487,103,34,save,,2026-03-20 16:00:00
1488,103,40,click,,2026-01-18 00:00:00
1489,103,,search,tour Đà Lạt 2 ngày dưới 4 triệu,2026-07-04 08:00:00
1490,103,,search,tour Cao Bằng 2 ngày dưới 4 triệu,2026-06-22 08:00:00
1491,104,148,click,,2026-05-28 22:00:00
1492,104,207,view,,2026-05-26 11:00:00
1493,104,95,click,,2026-04-23 16:00:00
1494,104,101,click,,2026-07-28 08:00:00
1495,104,154,view,,2026-07-30 20:00:00
1496,104,134,click,,2026-01-22 20:00:00
1497,104,155,view,,2026-02-06 01:00:00
1498,104,72,click,,2026-05-16 17:00:00
1499,104,102,save,,2026-03-04 17:00:00
1500,104,,search,tour Huế 4 ngày dưới 18 triệu,2026-05-12 08:00:00
1501,104,,search,tour Nha Trang 4 ngày dưới 18 triệu,2026-05-17 08:00:00
1502,105,79,view,,2026-01-12 08:00:00
1503,105,199,view,,2026-01-28 20:00:00
1504,105,80,view,,2026-04-27 06:00:00
1505,105,153,view,,2026-02-04 18:00:00
1506,105,61,click,,2026-06-20 17:00:00
1507,105,16,view,,2026-01-24 09:00:00
1508,105,42,view,,2026-03-27 03:00:00
1509,105,225,click,,2026-03-20 03:00:00
1510,105,190,view,,2026-01-09 21:00:00
1511,105,206,view,,2026-03-16 12:00:00
1512,105,223,save,,2026-07-21 14:00:00
1513,105,,search,tour Cao Bằng 3 ngày dưới 18 triệu,2026-03-14 08:00:00
1514,105,,search,tour Đà Lạt 3 ngày dưới 18 triệu,2026-03-01 08:00:00
1515,106,174,click,,2026-01-25 18:00:00
1516,106,154,click,,2026-08-02 06:00:00
1517,106,207,view,,2026-06-30 02:00:00
1518,106,194,click,,2025-12-16 12:00:00
1519,106,76,click,,2026-01-17 18:00:00
1520,106,22,click,,2026-04-20 13:00:00
1521,106,215,view,,2026-07-20 18:00:00
1522,106,57,click,,2026-05-25 15:00:00
1523,106,142,view,,2026-07-19 01:00:00
1524,106,19,save,,2026-03-08 10:00:00
1525,106,74,click,,2026-02-23 23:00:00
1526,106,41,view,,2026-07-06 15:00:00
1527,106,157,view,,2026-05-02 23:00:00
1528,106,60,view,,2026-06-27 00:00:00
1529,106,9,click,,2026-05-14 00:00:00
1530,106,,search,tour Phú Quốc 5 ngày dưới 10 triệu,2026-06-16 08:00:00
1531,106,,search,tour Đà Nẵng 5 ngày dưới 10 triệu,2026-02-15 08:00:00
1532,107,231,click,,2026-06-06 06:00:00
1533,107,178,click,,2025-12-18 17:00:00
1534,107,180,view,,2026-01-02 14:00:00
1535,107,232,save,,2026-04-27 05:00:00
1536,107,135,view,,2026-03-15 20:00:00
1537,107,109,view,,2026-07-08 09:00:00
1538,107,223,save,,2026-07-15 19:00:00
1539,107,23,save,,2026-05-19 15:00:00
1540,107,76,click,,2026-07-28 19:00:00
1541,107,64,click,,2026-06-23 13:00:00
1542,107,,search,tour Nha Trang 5 ngày dưới 8 triệu,2026-05-19 08:00:00
1543,107,,search,tour Sa Pa 5 ngày dưới 8 triệu,2026-07-20 08:00:00
1544,108,58,save,,2026-06-06 20:00:00
1545,108,164,view,,2026-04-24 05:00:00
1546,108,94,click,,2025-12-21 19:00:00
1547,108,132,save,,2026-03-05 20:00:00
1548,108,176,view,,2026-07-15 09:00:00
1549,108,66,click,,2026-04-05 18:00:00
1550,108,16,view,,2026-01-25 04:00:00
1551,108,182,save,,2026-03-06 19:00:00
1552,108,170,save,,2026-05-16 08:00:00
1553,108,103,save,,2026-05-04 02:00:00
1554,108,,search,tour Phú Quốc 3 ngày dưới 6 triệu,2026-08-02 08:00:00
1555,108,,search,tour TP. Hồ Chí Minh 3 ngày dưới 6 triệu,2026-03-31 08:00:00
1556,109,200,click,,2026-04-16 10:00:00
1557,109,196,click,,2026-08-12 08:00:00
1558,109,132,view,,2026-02-07 17:00:00
1559,109,222,save,,2026-01-03 17:00:00
1560,109,179,view,,2026-06-17 21:00:00
1561,109,144,click,,2026-01-14 03:00:00
1562,109,85,save,,2026-01-05 04:00:00
1563,109,159,click,,2026-05-22 12:00:00
1564,109,211,click,,2026-04-01 16:00:00
1565,109,223,view,,2026-07-08 21:00:00
1566,109,,search,tour Huế 3 ngày dưới 8 triệu,2026-04-09 08:00:00
1567,109,,search,tour Hạ Long 3 ngày dưới 8 triệu,2026-03-14 08:00:00
1568,110,64,view,,2026-03-01 10:00:00
1569,110,9,save,,2026-07-14 16:00:00
1570,110,180,click,,2026-06-05 22:00:00
1571,110,140,click,,2026-06-01 14:00:00
1572,110,177,click,,2026-05-11 16:00:00
1573,110,1,click,,2025-12-21 13:00:00
1574,110,187,save,,2026-03-25 15:00:00
1575,110,62,view,,2026-01-09 09:00:00
1576,110,18,click,,2026-05-26 00:00:00
1577,110,234,click,,2026-01-07 02:00:00
1578,110,154,click,,2026-02-10 22:00:00
1579,110,7,click,,2026-04-10 23:00:00
1580,110,,search,tour Côn Đảo 4 ngày dưới 14 triệu,2026-07-08 08:00:00
1581,110,,search,tour Huế 4 ngày dưới 14 triệu,2026-07-01 08:00:00
1582,111,179,view,,2026-06-05 22:00:00
1583,111,173,view,,2025-12-25 12:00:00
1584,111,129,click,,2026-02-24 20:00:00
1585,111,14,save,,2026-06-04 16:00:00
1586,111,40,save,,2026-03-06 21:00:00
1587,111,27,click,,2026-03-09 19:00:00
1588,111,105,save,,2026-05-17 23:00:00
1589,111,103,click,,2026-04-01 00:00:00
1590,111,214,click,,2026-05-08 04:00:00
1591,111,,search,tour Đà Nẵng 2 ngày dưới 4 triệu,2026-05-19 08:00:00
1592,111,,search,tour Cao Bằng 2 ngày dưới 4 triệu,2026-07-20 08:00:00
1593,112,121,click,,2026-02-23 01:00:00
1594,112,119,view,,2026-07-25 03:00:00
1595,112,42,save,,2026-05-05 18:00:00
1596,112,132,click,,2026-03-15 11:00:00
1597,112,41,click,,2026-04-22 14:00:00
1598,112,189,save,,2026-08-09 01:00:00
1599,112,110,click,,2026-03-20 14:00:00
1600,112,240,save,,2026-05-16 20:00:00
1601,112,38,click,,2026-01-22 06:00:00
1602,112,151,view,,2026-07-03 21:00:00
1603,112,81,click,,2026-05-21 18:00:00
1604,112,221,view,,2026-01-24 16:00:00
1605,112,70,view,,2026-01-29 10:00:00
1606,112,160,click,,2026-03-11 11:00:00
1607,112,6,save,,2026-04-06 14:00:00
1608,112,214,view,,2026-04-23 01:00:00
1609,112,92,view,,2026-03-23 10:00:00
1610,112,237,click,,2026-05-07 02:00:00
1611,112,,search,tour Đà Nẵng 2 ngày dưới 10 triệu,2026-06-03 08:00:00
1612,112,,search,tour Cao Bằng 2 ngày dưới 10 triệu,2026-06-24 08:00:00
1613,113,44,click,,2026-07-01 07:00:00
1614,113,88,click,,2026-06-04 14:00:00
1615,113,125,click,,2026-07-13 16:00:00
1616,113,164,view,,2026-04-27 15:00:00
1617,113,27,click,,2026-04-29 20:00:00
1618,113,209,view,,2026-07-15 17:00:00
1619,113,132,view,,2026-07-28 07:00:00
1620,113,190,click,,2026-02-23 07:00:00
1621,113,110,view,,2026-07-10 10:00:00
1622,113,84,save,,2026-03-16 09:00:00
1623,113,208,click,,2026-03-14 18:00:00
1624,113,70,click,,2026-05-24 21:00:00
1625,113,203,save,,2026-04-18 04:00:00
1626,113,14,view,,2026-08-05 08:00:00
1627,113,92,click,,2026-02-25 06:00:00
1628,113,205,view,,2025-12-21 06:00:00
1629,113,235,view,,2026-05-19 03:00:00
1630,113,,search,tour Hội An 2 ngày dưới 18 triệu,2026-04-23 08:00:00
1631,113,,search,tour TP. Hồ Chí Minh 2 ngày dưới 18 triệu,2026-06-27 08:00:00
1632,114,112,view,,2026-01-16 19:00:00
1633,114,4,view,,2026-02-06 17:00:00
1634,114,56,save,,2026-05-07 21:00:00
1635,114,17,view,,2026-07-09 17:00:00
1636,114,12,save,,2026-05-20 23:00:00
1637,114,198,save,,2026-02-21 23:00:00
1638,114,10,click,,2026-07-20 17:00:00
1639,114,163,view,,2026-04-29 07:00:00
1640,114,6,view,,2026-04-15 13:00:00
1641,114,102,click,,2026-03-20 00:00:00
1642,114,,search,tour Đà Lạt 5 ngày dưới 8 triệu,2026-08-04 08:00:00
1643,114,,search,tour Côn Đảo 5 ngày dưới 8 triệu,2026-03-07 08:00:00
1644,115,180,save,,2026-05-22 13:00:00
1645,115,87,view,,2026-02-09 15:00:00
1646,115,162,view,,2026-06-27 21:00:00
1647,115,81,save,,2026-03-16 01:00:00
1648,115,226,save,,2026-01-01 00:00:00
1649,115,21,view,,2025-12-18 09:00:00
1650,115,41,view,,2026-06-24 08:00:00
1651,115,86,view,,2026-04-26 21:00:00
1652,115,,search,tour Hội An 3 ngày dưới 6 triệu,2026-05-19 08:00:00
1653,115,,search,tour Côn Đảo 3 ngày dưới 6 triệu,2026-05-09 08:00:00
1654,116,189,view,,2026-07-23 17:00:00
1655,116,187,save,,2026-01-20 03:00:00
1656,116,188,view,,2025-12-18 13:00:00
1657,116,18,save,,2026-06-18 16:00:00
1658,116,213,click,,2026-05-05 17:00:00
1659,116,47,click,,2026-08-06 12:00:00
1660,116,78,view,,2025-12-18 10:00:00
1661,116,48,view,,2026-01-10 05:00:00
1662,116,,search,tour Hà Nội 4 ngày dưới 4 triệu,2026-08-06 08:00:00
1663,116,,search,tour TP. Hồ Chí Minh 4 ngày dưới 4 triệu,2026-03-06 08:00:00
1664,117,240,click,,2026-05-17 07:00:00
1665,117,2,click,,2026-03-16 16:00:00
1666,117,169,save,,2026-04-13 11:00:00
1667,117,201,view,,2026-06-23 04:00:00
1668,117,49,view,,2026-05-16 05:00:00
1669,117,217,click,,2026-06-14 20:00:00
1670,117,1,view,,2026-04-10 07:00:00
1671,117,184,view,,2026-07-13 17:00:00
1672,117,63,view,,2026-07-15 07:00:00
1673,117,183,click,,2026-08-03 22:00:00
1674,117,226,view,,2026-02-03 11:00:00
1675,117,,search,tour Phú Quốc 5 ngày dưới 6 triệu,2026-06-10 08:00:00
1676,117,,search,tour Cao Bằng 5 ngày dưới 6 triệu,2026-07-09 08:00:00
1677,118,188,view,,2026-05-07 09:00:00
1678,118,73,click,,2026-07-11 15:00:00
1679,118,91,view,,2026-06-18 08:00:00
1680,118,80,click,,2026-04-09 23:00:00
1681,118,203,view,,2026-07-02 07:00:00
1682,118,86,view,,2026-01-26 03:00:00
1683,118,70,save,,2026-05-15 07:00:00
1684,118,232,view,,2026-05-16 05:00:00
1685,118,219,view,,2026-01-07 05:00:00
1686,118,212,click,,2026-05-31 10:00:00
1687,118,171,save,,2026-03-01 04:00:00
1688,118,,search,tour Hà Nội 3 ngày dưới 10 triệu,2026-04-13 08:00:00
1689,118,,search,tour TP. Hồ Chí Minh 3 ngày dưới 10 triệu,2026-06-30 08:00:00
1690,119,158,save,,2026-07-18 14:00:00
1691,119,236,view,,2026-01-30 14:00:00
1692,119,13,view,,2026-01-06 00:00:00
1693,119,211,view,,2026-07-25 18:00:00
1694,119,69,view,,2026-04-11 15:00:00
1695,119,1,click,,2026-03-31 11:00:00
1696,119,148,save,,2026-01-29 23:00:00
1697,119,75,view,,2026-04-13 04:00:00
1698,119,80,view,,2026-03-16 22:00:00
1699,119,12,save,,2026-05-05 15:00:00
1700,119,159,click,,2025-12-31 13:00:00
1701,119,64,view,,2026-01-14 14:00:00
1702,119,141,view,,2026-03-01 06:00:00
1703,119,128,view,,2026-01-24 01:00:00
1704,119,184,view,,2025-12-17 18:00:00
1705,119,201,save,,2026-06-09 12:00:00
1706,119,25,view,,2026-06-24 02:00:00
1707,119,188,click,,2026-07-12 17:00:00
1708,119,,search,tour Hà Nội 2 ngày dưới 18 triệu,2026-05-12 08:00:00
1709,119,,search,tour Hạ Long 2 ngày dưới 18 triệu,2026-06-07 08:00:00
1710,120,50,click,,2026-05-12 01:00:00
1711,120,213,click,,2026-06-29 10:00:00
1712,120,122,view,,2026-06-18 18:00:00
1713,120,131,click,,2026-06-03 18:00:00
1714,120,140,view,,2026-02-15 12:00:00
1715,120,133,view,,2026-06-27 02:00:00
1716,120,208,view,,2026-02-06 15:00:00
1717,120,46,view,,2026-08-06 14:00:00
1718,120,72,click,,2026-02-21 07:00:00
1719,120,137,click,,2026-01-05 22:00:00
1720,120,,search,tour Hà Nội 2 ngày dưới 10 triệu,2026-06-23 08:00:00
1721,120,,search,tour Hội An 2 ngày dưới 10 triệu,2026-06-03 08:00:00
