id,name,email,password_hash,role,created_at,updated_at
1,Synthetic User 001,synthetic_user_001@example.com,17a9a0ffbc59a208af17bd855b892f96eed0e445db3c84634c89d5fec03a5577,user,2025-04-29 08:00:00,2025-04-29 08:00:00
2,Synthetic User 002,synthetic_user_002@example.com,c682a1886c886fdd692d8e3043750641249f21008b004585a82cca9e85dd0074,user,2026-07-06 08:00:00,2026-07-06 08:00:00
3,Synthetic User 003,synthetic_user_003@example.com,e722d6600580c0dac110784d57a0e844f7fd18504c2541ff943bf9a762552a89,user,2026-06-20 08:00:00,2026-06-20 08:00:00
4,Synthetic User 004,synthetic_user_004@example.com,d23debbb06e804a39c4241f38c71085e7e2c7d71b23543997ffc34bf67dee085,user,2026-03-18 08:00:00,2026-03-18 08:00:00
5,Synthetic User 005,synthetic_user_005@example.com,c08a80cb974dcb4f04bf11e89a2b20c791d5e6f63adee57ca9c01f6423d8aa0b,user,2026-02-01 08:00:00,2026-02-01 08:00:00
6,Synthetic User 006,synthetic_user_006@example.com,6f0cd7de97ecbe4a15c6ffbb7feb648154d0b29a354b0ffa3bd81677621b6a58,user,2025-10-26 08:00:00,2025-10-26 08:00:00
7,Synthetic User 007,synthetic_user_007@example.com,52e7b1a06fcb3e37c08ce013732cc782e8086dea03afd9e842e96803ff380a90,user,2025-09-12 08:00:00,2025-09-12 08:00:00
8,Synthetic User 008,synthetic_user_008@example.com,e23c64c7d209b0697ccf5d47e73a01b3160b722c604459fcc2cd0f74894453d4,user,2025-07-27 08:00:00,2025-07-27 08:00:00
9,Synthetic User 009,synthetic_user_009@example.com,7446928c048e5d7d263f13e76059955e8569f54c5279e771440eb49077640e49,user,2025-10-27 08:00:00,2025-10-27 08:00:00
10,Synthetic User 010,synthetic_user_010@example.com,e01f9dbfc90aa2264f3138ec534f5b85d74d1ff00f878cc879c5f5ce0ac1cba5,user,2025-09-24 08:00:00,2025-09-24 08:00:00
11,Synthetic User 011,synthetic_user_011@example.com,19558d30eef07466ae45d10ceefe85041be091c6b76bdc778da80c5411b049bf,user,2025-06-16 08:00:00,2025-06-16 08:00:00
12,Synthetic User 012,synthetic_user_012@example.com,2c4f437c49032f992918f1dd3efcab7dff8b88ae8bc056620121ca33383be49c,user,2026-06-23 08:00:00,2026-06-23 08:00:00
13,Synthetic User 013,synthetic_user_013@example.com,b331212b9417c7899b4417e3a60eadd51aa42e9ce47bd4e1e3cb534f9b3841d0,user,2025-03-01 08:00:00,2025-03-01 08:00:00
14,Synthetic User 014,synthetic_user_014@example.com,55da57d2a15d2df513b952d1581877f7dfdf6dfe48c00e459e08a79c3fafcfbd,user,2025-07-29 08:00:00,2025-07-29 08:00:00
15,Synthetic User 015,synthetic_user_015@example.com,1b1461c1a5b884a56e0926cb1b39d4ee2252b989b6863c8454f0d8942e94a41d,user,2025-11-10 08:00:00,2025-11-10 08:00:00
16,Synthetic User 016,synthetic_user_016@example.com,bd9cf085c5f04e7dc5d1b1f7602e5b2f78f7f05f7125a3ef0fd5b8fe323ce777,user,2026-05-30 08:00:00,2026-05-30 08:00:00
17,Synthetic User 017,synthetic_user_017@example.com,7a171926f524b44838154c246f199e8bd70a39ecfecef55fb0c8b7e52b8d38eb,user,2026-01-27 08:00:00,2026-01-27 08:00:00
18,Synthetic User 018,synthetic_user_018@example.com,348c069975de56dbf8e4f808fd3ae2f01ba4e3629f3293fd8c93611122002728,user,2025-05-08 08:00:00,2025-05-08 08:00:00
19,Synthetic User 019,synthetic_user_019@example.com,e890be5635f41291867c75588fe3113ec3eab73b8ea4d7da82f0ac5417a4dc51,user,2026-04-16 08:00:00,2026-04-16 08:00:00
20,Synthetic User 020,synthetic_user_020@example.com,a1c2321985143f9ad2d266dd5461012f16774e1eee82bd0fb21965290e784451,user,2026-04-16 08:00:00,2026-04-16 08:00:00
21,Synthetic User 021,synthetic_user_021@example.com,cc6d5b4291935b20b84f89073455c890015b414091e4abf776a4373c6c3783b5,user,2025-10-11 08:00:00,2025-10-11 08:00:00
22,Synthetic User 022,synthetic_user_022@example.com,4cee142acf2d29574ebea9c9c472899c6da03aa016bce6a71463317f4fc4235c,user,2025-03-15 08:00:00,2025-03-15 08:00:00
23,Synthetic User 023,synthetic_user_023@example.com,c3716c51eddd87a7eec336789185cb9a2a0ce0f4c0ae33f1802d8f8ce0bf59e8,user,2026-04-15 08:00:00,2026-04-15 08:00:00
24,Synthetic User 024,synthetic_user_024@example.com,4c7dcfcd708feb2d6f7599be0b7d9b024381edf0132fa12e760d5132bd76fa4a,user,2025-08-15 08:00:00,2025-08-15 08:00:00
25,Synthetic User 025,synthetic_user_025@example.com,89df18cc4cbb2616c7485f595e4da2ba926462f6f7ff6552c168921a0737c014,user,2026-05-09 08:00:00,2026-05-09 08:00:00
26,Synthetic User 026,synthetic_user_026@example.com,103e882f861a217ca37db435fad9b5d0d7234c9bac51bee68ae36cb47714659d,user,2026-06-05 08:00:00,2026-06-05 08:00:00
27,Synthetic User 027,synthetic_user_027@example.com,21c0f9bf5941eea336798213a552b144bd2b53491dcac3f4540b649f6f1dfef9,user,2025-04-04 08:00:00,2025-04-04 08:00:00
28,Synthetic User 028,synthetic_user_028@example.com,45f183baa2bf421581d7f08fecd0f2273d2a0256dcb1c0e8eb024a03993b4e1d,user,2025-05-14 08:00:00,2025-05-14 08:00:00
29,Synthetic User 029,synthetic_user_029@example.com,3e0a87ab934584c987f728590fe2a077ce9a42e86ff6515534184e6e32b94f72,user,2025-09-12 08:00:00,2025-09-12 08:00:00
30,Synthetic User 030,synthetic_user_030@example.com,e723c20c3a36b6dfbffd40783eff1fb8e5311167ae0487e2741e90dba73b6610,user,2026-01-06 08:00:00,2026-01-06 08:00:00
31,Synthetic User 031,synthetic_user_031@example.com,9593dbedf482256bec645c72af0e5ee592dadb316a1546634d8445ae7d546d87,user,2026-04-24 08:00:00,2026-04-24 08:00:00
32,Synthetic User 032,synthetic_user_032@example.com,8aa8d505cc98ea1125926c5fa506ad9a1b9f1dfd9337505fa8c25a93c738e7ef,user,2026-07-01 08:00:00,2026-07-01 08:00:00
33,Synthetic User 033,synthetic_user_033@example.com,15ad9e01d587330e37ced05232c7c56d21543a59aad92d4ecdf20433c455d4e5,user,2025-07-04 08:00:00,2025-07-04 08:00:00
34,Synthetic User 034,synthetic_user_034@example.com,ce67c3851180d0ae9a37375742e01ece430c958e55c158977cc4dfba4e4a55ee,user,2026-06-23 08:00:00,2026-06-23 08:00:00
35,Synthetic User 035,synthetic_user_035@example.com,bc5366e1740125bda2048c3a9836ed4fa4ee949da350c487c3aeb738ca1ea37c,user,2026-05-13 08:00:00,2026-05-13 08:00:00
36,Synthetic User 036,synthetic_user_036@example.com,a4e8f6fec9c4d6b07a922d21f832d6f1c15f97bd790d092e170d9ac73bcb3ac1,user,2026-04-18 08:00:00,2026-04-18 08:00:00
37,Synthetic User 037,synthetic_user_037@example.com,4f810abdc42979d0f7db025637726dab36ac458a38a092ec5207b1e4f3d26ee2,user,2026-01-02 08:00:00,2026-01-02 08:00:00
38,Synthetic User 038,synthetic_user_038@example.com,d923a222ee91019088ec8a90b1956ca562d6e9fb3bdcb07fc41674abe9c55fd5,user,2025-12-10 08:00:00,2025-12-10 08:00:00
39,Synthetic User 039,synthetic_user_039@example.com,26b9a077b57a3c987d97eb762c136abf42ef48a0007856dc33c672364f67535a,user,2026-02-26 08:00:00,2026-02-26 08:00:00
40,Synthetic User 040,synthetic_user_040@example.com,20f55191669c08bd12f188f2bd5968ec6e4a1d629f003ef9327c309c10e45228,user,2025-11-28 08:00:00,2025-11-28 08:00:00
41,Synthetic User 041,synthetic_user_041@example.com,7c6d868eb8a9c2596a0380988fd0f30f063a6d365801ec5428135421fdd9caec,user,2025-06-17 08:00:00,2025-06-17 08:00:00
42,Synthetic User 042,synthetic_user_042@example.com,d61843f6520362c5ce864c949c6f6f5bf35b5b523c947fe7fa76246ee2bbbf4c,user,2025-08-16 08:00:00,2025-08-16 08:00:00
43,Synthetic User 043,synthetic_user_043@example.com,2928dd28fa685c0df1d0d115912bb4dd1f3428fd0165ff64d56fe0c2612be6ba,user,2025-08-23 08:00:00,2025-08-23 08:00:00
44,Synthetic User 044,synthetic_user_044@example.com,69687b0a6ea7dd59a68efe1f57e76cb72fb0e41c966732e70832feadc49949a7,user,2026-07-18 08:00:00,2026-07-18 08:00:00
45,Synthetic User 045,synthetic_user_045@example.com,2997211d8f43c0078e9b2c71f3df5bd7713cafeb893357cfab3028bc66029c06,user,2025-12-22 08:00:00,2025-12-22 08:00:00
46,Synthetic User 046,synthetic_user_046@example.com,07ee538f95b164370d50e6b1505bbc3016a93df89d72b7e6aadd89493e2a8bbd,user,2026-05-23 08:00:00,2026-05-23 08:00:00
47,Synthetic User 047,synthetic_user_047@example.com,7714681ee1da86cae537aee313f5be82b6087f0e6c778865112f5345e689dc0e,user,2026-02-26 08:00:00,2026-02-26 08:00:00
48,Synthetic User 048,synthetic_user_048@example.com,1a0028274077fa943c847fdb961646928d689f4331fcf67bde8042bdba0bbb2a,user,2025-06-06 08:00:00,2025-06-06 08:00:00
49,Synthetic User 049,synthetic_user_049@example.com,d6711f2b8f991614fb0dc7f2e020a0515c00ef0091bc4e39dacb4fabba106707,user,2025-04-07 08:00:00,2025-04-07 08:00:00
50,Synthetic User 050,synthetic_user_050@example.com,8dd1fe812b7b73b9547ba62d02b29cf8f9c9fd83a8115be93df0f3b631890c22,user,2025-04-17 08:00:00,2025-04-17 08:00:00
51,Synthetic User 051,synthetic_user_051@example.com,af791e0736c32123ec7213c04f9fc9ac1824e03319065de48aac584606de9d52,user,2026-08-08 08:00:00,2026-08-08 08:00:00
52,Synthetic User 052,synthetic_user_052@example.com,d0cf62a8d0a95b525eb5394806116bfbb7ba4a2ed810322ec5ecde1be6a3c607,user,2025-04-22 08:00:00,2025-04-22 08:00:00
53,Synthetic User 053,synthetic_user_053@example.com,f6ba224aa71186ba6ca9a0b637ae4077726542b490716f1565a68c04fe728a59,user,2025-08-20 08:00:00,2025-08-20 08:00:00
54,Synthetic User 054,synthetic_user_054@example.com,3fc0e0486b59f214e887289ea879515cca9b462047c895785ffb7869165ea50d,user,2026-04-07 08:00:00,2026-04-07 08:00:00
55,Synthetic User 055,synthetic_user_055@example.com,5d92bbd277d03e6bb1db869286311d14c6bc006a0c17c7acf39274e3c980c879,user,2026-05-29 08:00:00,2026-05-29 08:00:00
56,Synthetic User 056,synthetic_user_056@example.com,9930c2c8b86207b3e07d97c84dc8378229700d52b78824d7f6b0d5f34b1c357e,user,2026-06-04 08:00:00,2026-06-04 08:00:00
57,Synthetic User 057,synthetic_user_057@example.com,a3787335da2396e53943ac0661f4d9f19fb5e405b72144dc2d5bde55de6ea851,user,2025-03-29 08:00:00,2025-03-29 08:00:00
58,Synthetic User 058,synthetic_user_058@example.com,d5cd0b88bf3ffe973b8f3ae33b6efa37f81fb4ed58aa7c0a9aaf17937f2de25b,user,2025-06-27 08:00:00,2025-06-27 08:00:00
59,Synthetic User 059,synthetic_user_059@example.com,8391de59d6f15b5ccecc1db4a12e948cd75ef17f2b4f3ba3edc71a2a3b54e16b,user,2025-12-29 08:00:00,2025-12-29 08:00:00
60,Synthetic User 060,synthetic_user_060@example.com,beaf0689c0be40ab755bffccb68913fc3e954f0db5c3f12c0019b343bd513cd5,user,2026-08-08 08:00:00,2026-08-08 08:00:00
61,Synthetic User 061,synthetic_user_061@example.com,3d98659ff21797d8edaead953d68514d11a05b9a01513d785979cb5d505e1b3a,user,2025-12-05 08:00:00,2025-12-05 08:00:00
62,Synthetic User 062,synthetic_user_062@example.com,5d97f3186742fc8db23d6d6b6f36805b5b7348e99d6fab02416be8cb449760f6,user,2026-08-07 08:00:00,2026-08-07 08:00:00
63,Synthetic User 063,synthetic_user_063@example.com,f0be8bad935a16989de2638107fe954d42cc443aaeb25e22079207414ac31e2f,user,2025-08-15 08:00:00,2025-08-15 08:00:00
64,Synthetic User 064,synthetic_user_064@example.com,123002a63befafa686999fde915f904de19ef45967061288ac0c74aebe564aad,user,2026-06-03 08:00:00,2026-06-03 08:00:00
65,Synthetic User 065,synthetic_user_065@example.com,6339eff98320c3c74eb93b6672397c2a295f747016eb8bf369cc54c1bff1c215,user,2026-06-08 08:00:00,2026-06-08 08:00:00
66,Synthetic User 066,synthetic_user_066@example.com,9b383b614f2e09c896180a990604d88aee3a25b9394de91c4969a3faa5b5d0a5,user,2026-01-29 08:00:00,2026-01-29 08:00:00
67,Synthetic User 067,synthetic_user_067@example.com,36c9d983047d6e8e05b13daa1b6e3e532fffac165ed406c2e92f14b27adb3bfd,user,2026-02-22 08:00:00,2026-02-22 08:00:00
68,Synthetic User 068,synthetic_user_068@example.com,90b55e6a392d155a416851e23837f637776010abb98ac7d4b206d8dd088e4b64,user,2025-04-11 08:00:00,2025-04-11 08:00:00
69,Synthetic User 069,synthetic_user_069@example.com,59176995ac61a5ce64b84f41022a1184ff50ab31a528137859c918bf8b1836bd,user,2025-05-01 08:00:00,2025-05-01 08:00:00
70,Synthetic User 070,synthetic_user_070@example.com,7a382e6731c670929132715e031ef73b3dd975162480cde09e2723f597b47651,user,2025-12-31 08:00:00,2025-12-31 08:00:00
71,Synthetic User 071,synthetic_user_071@example.com,39d84c5123091a6eeb7f455a6b0e84d325d4b54ad645709a399262b7eabc816e,user,2025-12-17 08:00:00,2025-12-17 08:00:00
72,Synthetic User 072,synthetic_user_072@example.com,a8008db79a1c7d3c9a362e2ba58dac441e6d2856cf41e95d07c1e7ca7841d685,user,2026-02-02 08:00:00,2026-02-02 08:00:00
73,Synthetic User 073,synthetic_user_073@example.com,5268af54732607b43bfb5870d2ef7430b666474a7c0ad14635afced23c6fa7fe,user,2025-08-28 08:00:00,2025-08-28 08:00:00
74,Synthetic User 074,synthetic_user_074@example.com,e6593bb095862aa0e0fd652ada78a152d795038c7b1f9c48f836ff2e29622c0c,user,2025-08-11 08:00:00,2025-08-11 08:00:00
75,Synthetic User 075,synthetic_user_075@example.com,7d1d6cd90d2c9516b7b6d76c8978503516b2b04a6400ff80e11eeda87b598bf5,user,2026-06-26 08:00:00,2026-06-26 08:00:00
76,Synthetic User 076,synthetic_user_076@example.com,6c843c29d52f6ff71c3c9470c9568bbf34bef272b2de4b37db48466d0e854621,user,2026-04-11 08:00:00,2026-04-11 08:00:00
77,Synthetic User 077,synthetic_user_077@example.com,2879a3085fc95cdcf4f93d19053138faea28ba2df48726ece98dae37b7ba6003,user,2026-07-29 08:00:00,2026-07-29 08:00:00
78,Synthetic User 078,synthetic_user_078@example.com,49f74ce81e044ee4c2491a0932b5cb24784c44989a872d134856a33db754d313,user,2025-12-05 08:00:00,2025-12-05 08:00:00
79,Synthetic User 079,synthetic_user_079@example.com,aaafcbd295a1fb4305ec35c88ea3b73cb381afc3f2381e90152d86a12caf7042,user,2025-03-28 08:00:00,2025-03-28 08:00:00
80,Synthetic User 080,synthetic_user_080@example.com,c9483b3d66524998e775493d81692ad9ba731eb7e7fbfae3cd029912011345d2,user,2025-04-21 08:00:00,2025-04-21 08:00:00
81,Synthetic User 081,synthetic_user_081@example.com,ad6a9e4b2015372858b17ee30b30652a3e915648e3115946beb3d6bea8fb4d39,user,2025-03-17 08:00:00,2025-03-17 08:00:00
82,Synthetic User 082,synthetic_user_082@example.com,a9adc4d70497ed9da649539d5e62f2a42f71e8f6f0464817972ef3dd9dcdb336,user,2026-02-12 08:00:00,2026-02-12 08:00:00
83,Synthetic User 083,synthetic_user_083@example.com,79b155c49e401743dbd6170b63e15093564e997e12b5d658335d77448201c192,user,2025-12-12 08:00:00,2025-12-12 08:00:00
84,Synthetic User 084,synthetic_user_084@example.com,2c165cccda50986dc568017164670e04e06b5aa33766fb23c9bcefba84715e09,user,2025-03-24 08:00:00,2025-03-24 08:00:00
85,Synthetic User 085,synthetic_user_085@example.com,029a57774f2ec42257a6fc85c35b59beb038352a89677df6730b567d1a7904bd,user,2026-07-24 08:00:00,2026-07-24 08:00:00
86,Synthetic User 086,synthetic_user_086@example.com,b86bcd70052ee5f5029e95c37a489ec7947b136be9be359fd8e85735885c3928,user,2025-10-17 08:00:00,2025-10-17 08:00:00
87,Synthetic User 087,synthetic_user_087@example.com,976055134ff59bff6939614558f03cb21caeb1729dee315da251bf93afb1c85f,user,2026-05-15 08:00:00,2026-05-15 08:00:00
88,Synthetic User 088,synthetic_user_088@example.com,496c1de6c2814a8d2cc8dbefc816501f54e6e7a4817dd5a61fcbc6c3c12a350e,user,2026-03-06 08:00:00,2026-03-06 08:00:00
89,Synthetic User 089,synthetic_user_089@example.com,30e9e64d342d1e47d8ddf82bd585fab839d53000d6089e24560dc8c504c58c98,user,2026-06-30 08:00:00,2026-06-30 08:00:00
90,Synthetic User 090,synthetic_user_090@example.com,f5961aa640f744f63186e11b6f0f581f15124cd875accfaa3d2e9f0fbae80163,user,2025-08-24 08:00:00,2025-08-24 08:00:00
91,Synthetic User 091,synthetic_user_091@example.com,bf066215f30a79beb241336791e45f2c31dee0aab8986b8055e730fffca47d8b,user,2025-11-23 08:00:00,2025-11-23 08:00:00
92,Synthetic User 092,synthetic_user_092@example.com,38e042f7c1949806f913999a67ba5137576f39abc8912941560b5682188054f0,user,2025-04-13 08:00:00,2025-04-13 08:00:00
93,Synthetic User 093,synthetic_user_093@example.com,2f142faf44cc4505469426d42875ef33eb9fd9158004ebf39e499e3ca56ac9fa,user,2025-09-05 08:00:00,2025-09-05 08:00:00
94,Synthetic User 094,synthetic_user_094@example.com,d1101b1fe9095e565ba3e8a1f39a704ed935e988ff251b498be37573397bab4b,user,2026-02-19 08:00:00,2026-02-19 08:00:00
95,Synthetic User 095,synthetic_user_095@example.com,50f2504c9b4db14cedae158261711b777ea01226b0c4cd50953389e27195b2a7,user,2025-07-30 08:00:00,2025-07-30 08:00:00
96,Synthetic User 096,synthetic_user_096@example.com,018f210806b3b61cbee7c7483de5caacc419715653edc1ba5d3ac50f350d1f54,user,2025-04-14 08:00:00,2025-04-14 08:00:00
97,Synthetic User 097,synthetic_user_097@example.com,e09dcbe733cd02981215b9c5347c72047a589cc8fbe1deba1b92ea46e52ff201,user,2025-06-08 08:00:00,2025-06-08 08:00:00
98,Synthetic User 098,synthetic_user_098@example.com,de30e7d163d6606d081b2c7ec8b4bd3cf6ec564c672b6c0a6cbf2c6b6d3e84b4,user,2025-07-08 08:00:00,2025-07-08 08:00:00
99,Synthetic User 099,synthetic_user_099@example.com,1cb73fd4c3e3fe32aa50d9932fa5b92fb76425af2ba655eceadf47d4e6613f35,user,2026-02-08 08:00:00,2026-02-08 08:00:00
100,Synthetic User 100,synthetic_user_100@example.com,e1f65a5731ed43709c9464577e70cc12b75b869d2d5181f4921362a2248145b8,user,2026-06-03 08:00:00,2026-06-03 08:00:00
101,Synthetic User 101,synthetic_user_101@example.com,0164a0296c31996959768435ae6744633a0038e949710d1d5b22ea81644084e4,user,2026-07-09 08:00:00,2026-07-09 08:00:00
102,Synthetic User 102,synthetic_user_102@example.com,97312da3c4c5d01f061f5a6688f109f3c03edf3b66c12915ce06e150ae77ae69,user,2025-10-09 08:00:00,2025-10-09 08:00:00
103,Synthetic User 103,synthetic_user_103@example.com,526f4e8d1d63112734b57d41a0f0eb87dd20b5f22a3062c133239b9ff6dfc987,user,2025-08-16 08:00:00,2025-08-16 08:00:00
104,Synthetic User 104,synthetic_user_104@example.com,54b7c402e2f5f85ce48874b6bd9259ff951b15c7c0260185c99435cba95bd948,user,2025-04-03 08:00:00,2025-04-03 08:00:00
105,Synthetic User 105,synthetic_user_105@example.com,8d3ce6e02ab38a4e9822d3c5e1624cec022b65f2144f3040e2a267dc0079e05b,user,2025-03-01 08:00:00,2025-03-01 08:00:00
106,Synthetic User 106,synthetic_user_106@example.com,0fa9d43a42130f0876ed4b51fb7c188c079b0c5d048f30c641a2274f09ce9253,user,2026-08-04 08:00:00,2026-08-04 08:00:00
107,Synthetic User 107,synthetic_user_107@example.com,7e981edeb8a9da24c2dcf70b87af94ebed158ffb20d4a885cce6583822c02558,user,2025-10-02 08:00:00,2025-10-02 08:00:00
108,Synthetic User 108,synthetic_user_108@example.com,01394721ad714788f8e120f3270d1a48df28a6742e758090f53ff8a8107cebec,user,2025-12-18 08:00:00,2025-12-18 08:00:00
109,Synthetic User 109,synthetic_user_109@example.com,8ec632279765483152e2de5ea4acf4abda9f4ac630302d13cc149194cd522630,user,2026-05-28 08:00:00,2026-05-28 08:00:00
110,Synthetic User 110,synthetic_user_110@example.com,844598dee84b9bab438531d914e486aed9dea7d57f08cdbc6576f2cc7414cfb5,user,2026-02-20 08:00:00,2026-02-20 08:00:00
111,Synthetic User 111,synthetic_user_111@example.com,40de98685f1e88775155ce803280215bd531a697d0e24b4990256b67b36792fe,user,2026-07-13 08:00:00,2026-07-13 08:00:00
112,Synthetic User 112,synthetic_user_112@example.com,b209e7fe763d2c74dfa174665d453e950ad13b1575d43e17042a7eedaa7b0609,user,2025-10-20 08:00:00,2025-10-20 08:00:00
113,Synthetic User 113,synthetic_user_113@example.com,976d431a0fb74e66fe02a9bcb9628c61e9ae2aa22aa350745acaf625fa4c0e29,user,2025-03-22 08:00:00,2025-03-22 08:00:00
114,Synthetic User 114,synthetic_user_114@example.com,4e7842c60bace7f0965d9be8ff3cddc0d8bdfd7b317e84dcad76f8d253c0b1fa,user,2026-04-10 08:00:00,2026-04-10 08:00:00
115,Synthetic User 115,synthetic_user_115@example.com,ffe1ef18c3cce5e2630f2af8262734fb8edccd90d442ce454df86c82907362cf,user,2025-04-08 08:00:00,2025-04-08 08:00:00
116,Synthetic User 116,synthetic_user_116@example.com,967ad8731c85d6fbefc189b788766e355f1a4009645e9e150ea4621c49facfdd,user,2025-05-22 08:00:00,2025-05-22 08:00:00
117,Synthetic User 117,synthetic_user_117@example.com,6e81ede1aba223176b3d870ad20b8cab43ea6289da57ca0800718f0d2b18296f,user,2025-07-02 08:00:00,2025-07-02 08:00:00
118,Synthetic User 118,synthetic_user_118@example.com,f980a675c10f81fa26b3fed887c568e67484dd315dbc8f698fb50e6bf07795e5,user,2025-06-13 08:00:00,2025-06-13 08:00:00
119,Synthetic User 119,synthetic_user_119@example.com,b6c70a6ac80c27b37a5ddf4118cf8961c8bec0ce82e972ef48fc6ba32a6ffafa,user,2025-09-26 08:00:00,2025-09-26 08:00:00
120,Synthetic User 120,synthetic_user_120@example.com,8b96fdc4c74d162127973daf5e67d7e7c0996e39134563170dcd754909022ca0,user,2025-04-02 08:00:00,2025-04-02 08:00:00
